id,hip,hd,hr,gl,bf,proper,ra,dec,dist,pmra,pmdec,rv,mag,absmag,spect,ci,x,y,z,vx,vy,vz,rarad,decrad,pmrarad,pmdecrad,bayer,flam,con,comp,comp_primary,base,lum,var,var_min,var_max
0,,,,,,Sol,0.0,0.0,0.0,0.0,0.0,0.0,-26.7,4.85,G2V,0.656,0.000005,0.0,0.0,0.0,0.0,0.0,0.0,0.0,0.0,0.0,,,,1,0,,1.0,,,
32263,32349,48915,2491,Gl 244A,9Alp CMa,Sirius,6.752481,-16.716116,2.6371,-546.01,-1223.08,-9.4,-1.44,1.454,A0m...,0.009,-0.494323,2.476731,-0.758485,0.00000953,-0.00001207,-0.00001221,1.7677953696021995,-0.291751258517685,-0.0000026471311772,-0.000005929659164,Alp,9,CMa,1,32263,Gl 244,22.824433121735034,,-1.333,-1.523
30365,30438,45348,2326,,Alp Car,Canopus,6.399195,-52.69566,94.7867,19.99,23.67,21.0,-0.62,-5.504,F0Ib,0.164,-5.992679,57.132034,-75.396105,-0.0000114,0.00002059,-0.00001049,1.6753053519997292,-0.9197127748902675,0.0000000969142547,0.000000114755398,Alp,,Car,1,30365,,13854.791675667215,,-0.547,-0.667
69451,69673,124897,5340,Gl 541,16Alp Boo,Arcturus,14.26103,19.18241,11.2575,-1093.45,-1999.4,-5.0,-0.05,-0.307,K2IIIp,1.239,-8.823448,-5.932531,3.698938,-0.00005905,0.0000322,-0.00010473,3.7335290285420872,0.33479621805862125,-0.00000530119519,-0.000009693364729,Alp,16,Boo,1,69451,,115.55799554021293,,,
71456,71683,128620,5459,Gl 559A,Alp1Cen,Rigil Kentaurus,14.660765,-60.833976,1.3248,-3678.19,481.84,-26.2,-0.01,4.379,G2V,0.71,-0.495203,-0.414084,-1.156625,-0.00000722,0.00002476,0.00002491,3.838179211777228,-1.0617531757704175,-0.0000178323683168,0.000002336026238,Alp-1,,Cen,1,71456,Gl 559,1.543121065657792,,0.113,-0.087
90979,91262,172167,7001,Gl 721,3Alp Lyr,Vega,18.61564,38.783692,7.6787,201.02,287.46,-12.1,0.03,0.604,A0Vvar,-0.001,0.960565,-5.908009,4.809731,0.00000476,0.00001734,0.00000059,4.873563095509031,0.6769031163973025,0.0000009745724607,0.000001393645406,Alp,3,Lyr,1,90979,,49.93441887213498,,,
24549,24608,34029,1708,Gl 194A,13Alp Aur,Capella,5.27815,45.997991,13.1234,75.52,-427.13,22.2,0.08,-0.51,M1: comp,0.795,1.712633,8.954439,9.440007,0.00000192,0.00003559,-0.00000254,1.381816412648801,0.8028163926341112,0.0000003661312916,-0.000002070784673,Alp,13,Aur,1,24549,Gl 194,139.3156802945302,,,
24378,24436,34085,1713,,19Bet Ori,Rigel,5.242298,-8.20164,264.5503,1.87,-0.56,21.0,0.18,-6.933,B8Ia,-0.03,51.601106,256.709905,-37.740051,0.00000182,0.00002121,-0.00000377,1.3724303693276385,-0.143145630755865,0.0000000090660158,-0.000000002714956,Bet,19,Ori,1,24378,,51665.42425669497,,,
37173,37279,61421,2943,Gl 280A,10Alp CMi,Procyon,7.655033,5.224993,3.5142,-716.57,-1034.58,-4.0,0.4,2.671,F5IV-V,0.432,-1.469312,3.17617,0.320024,0.00001212,0.00000289,-0.00001792,2.004083041242831,0.09119333187796,-0.0000034740293908,-0.000005015785376,Alp,10,CMi,1,37173,Gl 280,7.4404636619191935,,,
7574,7588,10144,472,,Alp Eri,Achernar,1.628556,-57.236757,42.7533,88.02,-40.08,16.0,0.45,-2.705,B3Vp,-0.158,21.065573,9.568417,-35.951967,-0.00000584,0.00001738,-0.00001826,0.42635506591376426,-0.9989698692415762,0.0000004267330016,-0.000000194313323,Alp,,Eri,1,7574,,1051.9618738232234,Alp,0.487,0.427
27919,27989,39801,2061,,58Alp Ori,Betelgeuse,5.919529,7.407063,152.6718,27.33,10.86,21.0,0.45,-5.469,M2Ib,1.5,3.189296,151.364387,19.682142,-0.0000198,0.00002068,0.00001074,1.5497291183713153,0.12927763169419373,0.0000001324995789,0.000000052650765,Alp,58,Ori,1,27919,,13415.28798266127,Alp,0.571,0.281
68483,68702,122451,5267,,Bet Cen,Hadar,14.063729,-60.373039,120.1923,-33.96,-25.06,6.0,0.61,-4.789,B1III,-0.231,-50.954051,-30.56287,-104.478695,-0.00000189,0.00002194,-0.00001255,3.681875660376148,-1.053708314075195,-0.0000001646427259,-0.000000121494308,Bet,,Cen,1,68483,,7171.33482657721,Bet,0.634,0.594
97338,97649,187642,7557,Gl 768,53Alp Aql,Altair,19.846388,8.868322,5.1295,536.82,385.54,-26.1,0.76,2.21,A7IV-V,0.221,2.355468,-4.4873,0.790749,-0.00000112,0.00003087,0.00000536,5.195772105546999,0.15478141706831,0.0000026025768,0.000001869150664,Alp,53,Aql,1,97338,,11.376272858234303,Alp,0.803,0.753
60530,60718,108248,4730,,Alp1Cru,Acrux,12.443311,-63.099092,98.7167,-35.37,-14.73,-11.0,0.77,-4.202,B0.5IV,-0.243,-44.363755,-5.171957,-88.034513,0.00000934,0.00001813,0.00000684,3.2576512815622607,-1.1012869028642311,-0.0000001714785988,-0.000000071413055,Alp-1,,Cru,1,60530,,4176.379929509739,,,
21368,21421,29139,1457,Gl 171.1A,87Alp Tau,Aldebaran,4.598677,16.509301,20.4332,62.78,-189.36,54.5,0.87,-0.682,K5III,1.538,7.02722,18.287604,5.806661,0.00001528,0.00005709,-0.00000214,1.2039308112027507,0.2881416661221312,0.0000003043660287,-0.000000918043185,Alp,87,Tau,1,21368,Gl 171.1,163.23000728189953,Alp,0.888,0.858
65269,65474,116658,5056,,67Alp Vir,Spica,13.419883,-11.161322,76.5697,-42.5,-31.73,1.0,0.98,-3.44,B1V,-0.235,-69.990853,-27.285826,-14.82176,-0.00000454,0.00001516,-0.00001175,3.5133172180991257,-0.194801818024575,-0.0000002060458142,-0.00000015383138,Alp,67,Vir,1,65269,,2070.1413487910413,Alp,1.001,0.961
80519,80763,148478,6134,,21Alp Sco,Antares,16.490128,-26.432002,169.7793,-10.16,-23.21,-3.0,1.06,-5.089,M1Ib + B2.5V,1.865,-58.542602,-140.307591,-75.574766,-0.00000338,0.0000136,-0.00001574,4.317105466000638,-0.4613254705959812,-0.0000000492570699,-0.000000112525255,Alp,21,Sco,1,80519,,9453.660459579653,Alp,1.155,0.995
37718,37826,62509,2990,Gl 286,78Bet Gem,Pollux,7.755277,28.026199,10.3584,-625.69,-45.95,3.6,1.16,1.084,K0IIIvar,0.991,-4.055465,8.19518,4.867171,0.00002624,0.00001782,-0.00000031,2.0303268874812184,0.4891494417459975,-0.0000030334307179,-0.000000222771886,Bet,78,Gem,1,37718,,32.09223768048434,,,
113008,113368,216956,8728,Gl 881,24Alp PsA,Fomalhaut,22.960838,-29.622236,7.7036,329.22,-164.22,6.1,1.17,1.737,A3V,0.145,6.450517,-1.799476,-3.807757,0.00000561,0.0000112,-0.00000841,6.011133383906492,-0.5170055514089774,0.0000015961035991,-0.000000796161026,Alp,24,PsA,1,113008,,17.587333541355722,,,
62239,62434,111123,4853,,Bet Cru,Mimosa,12.795359,-59.688764,85.3971,-48.24,-12.82,16.0,1.25,-3.407,B0.5III,-0.238,-42.168771,-8.909619,-73.723149,-0.00000773,0.00001878,-0.00001681,3.349817026601454,-1.0417654498397388,-0.0000002338741195,-0.000000062153113,Bet,,Cru,1,62239,,2008.1678041839857,Bet,1.267,1.237
101767,102098,197345,7924,,50Alp Cyg,Deneb,20.690532,45.280338,432.9004,1.56,1.55,-5.0,1.25,-6.932,A2Ia,0.092,197.250632,-232.113407,307.600832,-0.00000133,0.00000662,-0.00000134,5.416768542177067,0.790290982752855,0.0000000075630934,0.000000007514612,Alp,50,Cyg,1,101767,,51617.86054966733,Alp,1.294,1.224
71453,71681,128621,5460,Gl 559B,Alp2Cen,Toliman,14.660346,-60.8383,1.3248,-3678.19,481.84,-26.2,1.35,5.739,K1V,0.9,-0.495181,-0.413973,-1.156674,-0.00000722,0.00002476,0.00002491,3.8380695707772277,-1.0618286487704176,-0.0000178323683168,0.000002336026238,Alp-2,,Cen,2,71456,Gl 559,0.44096081645063756,,,
49528,49669,87901,3982,,32Alp Leo,Regulus,10.139532,11.967207,24.3132,-249.4,4.91,6.0,1.36,-0.569,B7V,-0.087,-21.018857,11.132218,5.041397,0.00000856,0.00002873,0.00000184,2.654523172153456,0.20886716528807125,-0.0000012091253193,0.000000023804351,Alp,32,Leo,1,49528,,147.09570767969763,,,
33492,33579,52089,2618,,21Eps CMa,Adhara,6.977097,-28.972084,124.2236,2.63,2.29,27.0,1.5,-3.971,B2II,-0.211,-27.497987,105.141608,-60.171969,-0.00000781,0.00002362,-0.00001217,1.8265996485677483,-0.5056582518554612,0.0000000127505998,0.000000011102233,Eps,21,CMa,1,33492,,3375.981048554255,,,
36744,36850,60179,2891,Gl 278A,66Alp Gem,Castor,7.576634,31.888276,15.5958,-206.33,-148.18,6.0,1.58,0.615,A2Vm,0.034,-5.311938,12.130011,8.238737,0.00000983,0.00001645,-0.00000627,1.983558270234413,0.5565554130270287,-0.0000010003160671,-0.000000718396911,Alp,66,Gem,1,36744,Gl 278,49.43106869868354,,,
60893,61084,108903,4763,,Gam Cru,Gacrux,12.519429,-57.113212,27.1518,27.94,-264.33,21.0,1.59,-0.579,M4III,1.6,-14.606901,-1.998688,-22.800748,0.00001789,-0.00000126,-0.00003693,3.277578929248245,-0.9968135891950087,0.0000001354569423,-0.000001281508001,Gam,,Cru,1,60893,,148.45676750522713,,,
85665,85927,158926,6527,,35Lam Sco,Shaula,17.560145,-37.103821,175.1313,-8.9,-29.95,-3.0,1.62,-4.597,B1.5IV+...,-0.231,-16.048583,-138.749793,-105.649898,-0.00000546,0.00001854,-0.00001843,4.597235152451346,-0.6475838425148488,-0.0000000431484176,-0.000000145201697,Lam,35,Sco,1,85665,,6008.9695048348585,Lam,1.656,1.596
25273,25336,35468,1790,,24Gam Ori,Bellatrix,5.418851,6.349702,77.3994,-8.75,-13.28,18.0,1.64,-2.804,B2III,-0.224,11.658576,76.036136,8.56012,0.0000061,0.00001813,-0.00000292,1.418651833814526,0.11082320964651,-0.000000042421197,-0.000000064383256,Gam,24,Ori,1,25273,,1152.3913771994878,,,
25364,25428,35497,1791,,112Bet Tau,Elnath,5.438198,28.60745,41.0509,23.28,-174.22,9.0,1.65,-1.417,B7III,-0.13,5.281578,35.6504,19.655456,-0.00000097,0.00002509,-0.00002603,1.4237168085654672,0.4992941923790525,0.0000001128646248,-0.000000844642394,Bet,112,Tau,1,25364,,321.21809339879854,,,
45106,45238,80007,3685,,Bet Car,Miaplacidus,9.220041,-69.717208,34.6981,-157.66,108.91,-5.0,1.67,-1.032,A2IV,0.07,-8.980712,8.001552,-32.546536,0.00000613,0.00003005,0.00001115,2.413801172874073,-1.2167948189074338,-0.0000007643572488,0.000000528010579,Bet,,Car,1,45106,,225.32013356294826,,,
26246,26311,37128,1903,,46Eps Ori,Alnilam,5.603559,-1.20192,606.0606,1.49,-1.06,26.0,1.69,-7.223,B0Ia,-0.184,62.775122,602.66691,-12.712683,-0.00000161,0.00002683,-0.00000367,1.4670083872075836,-0.02097745796646875,0.0000000072237238,-0.000000005139025,Eps,46,Ori,1,26246,,67483.87308707573,Eps,1.717,1.667
108922,109268,209952,8425,Gl 848.2,Alp Gru,Alnair,22.137209,-46.960975,30.9693,127.6,-147.91,10.9,1.73,-0.725,B7IV,-0.07,18.672505,-9.904001,-22.635193,0.00000136,0.00002096,-0.0000233,5.795507642944743,-0.8196236395192475,0.0000006186222564,-0.000000717087914,Alp,,Gru,1,108922,,169.82436524617444,,,
26662,26727,37742,1948,,50Zet Ori,Alnitak,5.679313,-1.942572,225.7336,3.99,2.54,18.0,1.74,-5.028,O9.5Ib SB,-0.199,18.918488,224.809409,-7.651875,-0.0000028,0.00001879,0.00000215,1.4868406872605762,-0.03390428125016375,0.0000000193440659,0.000000012314267,Zet,50,Ori,1,26662,,8937.169608501978,,,
62757,62956,112185,4905,,77Eps UMa,Alioth,12.900472,55.959821,25.31,111.74,-8.99,-9.0,1.76,-0.256,A0p,-0.022,-13.775959,-3.309169,20.972944,0.00000732,-0.00001234,-0.00000824,3.377335590144558,0.9766831266334463,0.0000005417308067,-0.000000043584749,Eps,77,UMa,1,62757,,110.25543321022239,Eps,1.776,1.746
15824,15863,20902,1017,,33Alp Per,Mirfak,3.405378,49.86118,155.2795,24.11,-26.01,-2.0,1.79,-4.166,F5Ib,0.481,62.885098,77.880689,118.708804,-0.00000555,0.00002202,-0.00001419,0.8915260037750609,0.8702417516246674,0.0000001168885784,-0.000000126100038,Alp,33,Per,1,15824,,4040.173353730007,,,
89906,90185,169022,6879,,20Eps Sgr,Kaus Australis,18.402868,-34.384616,43.9367,-39.61,-124.05,-15.0,1.79,-1.424,B9.5III,-0.031,3.817188,-36.057831,-24.812975,-0.00001129,0.00002654,-0.00001314,4.817859452696385,-0.6001247623494875,-0.0000001920346989,-0.00000060141137,Eps,20,Sgr,1,89906,,323.2957533680941,,,
53905,54061,95689,4301,,50Alp UMa,Dubhe,11.062155,61.751033,37.679,-136.46,-35.25,-9.0,1.81,-1.07,F7V comp,1.061,-17.298705,4.33488,33.191332,0.00000478,0.0000245,-0.00001116,2.896065350203451,1.0777588446528075,-0.0000006615767485,-0.000000170896822,Alp,50,UMa,1,53905,,233.3458062281002,,,
34354,34444,54605,2693,,25Del CMa,Wezen,7.139857,-26.3932,492.6108,-2.75,3.33,34.0,1.83,-6.633,F8Ia,0.671,-129.733458,421.761488,-218.979855,-0.00000392,0.00003508,-0.00000833,1.869210132341708,-0.46064823373741876,-0.0000000133323762,0.000000016144295,Del,25,CMa,1,34354,,39192.232245497704,,,
67088,67301,120315,5191,,85Eta UMa,Alkaid,13.792354,49.313265,31.8674,-121.23,-15.56,-11.0,1.85,-0.667,B3V SB,-0.099,-18.529548,-9.394541,24.164506,-0.00000355,0.0000192,-0.0000101,3.6108299012782816,0.8606788389261799,-0.0000005877396249,-0.000000075437008,Eta,85,UMa,1,67088,,160.99040762157054,,,
40921,41037,71129,3307,,Eps Car,Avior,8.375236,-59.509483,185.5288,-25.34,22.72,2.0,1.86,-4.482,K3III+B2V,1.196,-54.83708,76.515238,-159.872623,0.00000766,0.00002843,0.00000861,2.192631676046867,-1.038636414190405,-0.0000001228517867,0.000000110149668,Eps,,Car,1,40921,,5405.053537086696,,,
85965,86228,159532,6553,,The Sco,Sargas,17.62198,-42.997824,92.081,6.06,-0.95,1.0,1.86,-2.961,F1II,0.406,-6.654055,-67.016643,-62.796539,0.00000265,-0.00000072,-0.00000101,4.613423665072454,-0.7504535963001288,0.000000029379709,-0.000000004605729,The,,Sco,1,85965,,1331.6803762699813,,,
28288,28360,40183,2088,GJ 3375,34Bet Aur,Menkalinan,5.992149,44.947433,24.8694,-56.41,-0.88,-19.4,1.9,-0.078,A2V,0.077,0.036195,17.601288,17.569058,0.00000677,-0.00001398,-0.00001409,1.5687409450202745,0.78448069066935,-0.0000002734833972,-0.00000000426636,Bet,34,Aur,1,28288,,93.58365435835302,Bet,1.967,1.897
82022,82273,150798,6217,,Alp TrA,Atria,16.811077,-69.027715,119.7605,17.85,-32.92,-3.0,1.91,-3.482,K2IIb-IIIa,1.447,-13.127447,-40.804561,-111.826781,0.00001567,0.00001486,-0.00000398,4.401129586218367,-1.2047609005058013,0.000000086539242,-0.000000159600663,Alp,,TrA,1,82022,,2151.7905703397573,,,
31601,31681,47105,2421,,24Gam Gem,Alhena,6.628528,16.399252,33.5121,-2.04,-66.92,-13.0,1.93,-0.696,A0IV,0.001,-5.266162,31.714389,9.461403,0.00000191,-0.0000095,-0.00001418,1.735344593460758,0.28622094417349375,-0.0000000098901991,-0.000000324437315,Gam,24,Gem,1,31601,,165.34840121711517,,,
42794,42913,74956,3485,Gl 321.3A,Del Vel,Alsephina,8.745059,-54.708821,24.6975,28.78,-104.14,2.2,1.93,-0.033,A1V,0.043,-9.394033,10.739813,-20.158771,0.00000325,-0.00000895,-0.00000904,2.289451210882051,-0.9548490567434526,0.0000001395293773,-0.000000504884966,Del,,Vel,1,42794,Gl 321.3,89.78421709097269,Del,1.939,1.929
100425,100751,193924,7790,,Alp Pav,Peacock,20.427459,-56.73509,54.8246,7.71,-86.15,2.0,1.94,-1.755,B2IV,-0.118,17.850262,-24.200974,-45.841245,-0.00000905,0.00001572,-0.00001427,5.347896379067429,-0.9902141215861188,0.0000000373791348,-0.000000417666985,Alp,,Pav,1,100425,,438.5306977749856,,,
11734,11767,8890,424,,1Alp UMi,Polaris,2.52975,89.264109,132.626,44.22,-11.74,-17.0,1.97,-3.643,F7:Ib-IIv SB,0.636,1.3431,1.047629,132.614909,-0.00001171,0.00002692,-0.00001748,0.6622870748653336,1.5579526129751475,0.0000002143846095,-0.000000056917126,Alp,1,UMi,1,11734,,2495.743794831569,Alp,1.993,1.953
30251,30324,44743,2294,,2Bet CMa,Mirzam,6.378329,-17.955918,151.0574,-3.45,-0.47,34.0,1.98,-3.916,B1II/III,-0.24,-14.209731,142.995999,-46.568852,-0.00000075,0.00003306,-0.00001105,1.6698426956468702,-0.31338988393796,-0.000000016726072,-0.000000002278624,Bet,2,CMa,1,30251,,3209.223768048436,Bet,1.999,1.969
46259,46390,81797,3748,,30Alp Hya,Alphard,9.45979,-8.658603,55.2792,-14.49,33.25,-4.0,1.99,-1.723,K3III,1.44,-43.003468,33.722848,-8.322089,0.00000452,0.00000139,0.00000942,2.4765671803168545,-0.151121122495205,-0.0000000702495023,0.000000161200548,Alp,30,Hya,1,46259,,425.7944535825967,,,
9861,9884,12929,617,Gl 84.3,13Alp Ari,Hamal,2.119555,23.462423,20.1776,190.73,-145.77,-14.4,2.01,0.486,K2III,1.151,15.731986,9.751722,8.03361,-0.00001649,0.00001173,-0.00001894,0.554898130994913,0.4094965332621075,0.0000009246851329,-0.000000706712902,Alp,13,Ari,1,9861,,55.6672798150948,,,
50440,50583,89484,4057,,41Gam1Leo,Algieba,10.332873,19.841489,39.8883,310.77,-152.88,-37.0,2.01,-0.994,K0III,1.128,-34.002797,15.860719,13.53874,-0.00000224,-0.00006526,-0.00004065,2.7051398372354067,0.34629930564740247,0.0000015066554751,-0.000000741183154,Gam-1,41,Leo,1,50440,,217.57049509257934,,,
3413,3419,4128,188,Gl 31,16Bet Cet,Diphda,0.72649,-17.986605,29.5334,232.79,32.71,13.3,2.04,-0.312,K0III,1.019,27.583638,5.310463,-9.119792,0.00000782,0.00003545,0.00000025,0.19019464223046095,-0.31392547040265245,0.000001128597767,0.000000158582554,Bet,16,Cet,1,3413,,116.09138701261821,,,
92564,92855,175191,7121,,34Sig Sgr,Nunki,18.92109,-26.296722,69.8324,13.87,-52.65,-11.0,2.05,-2.17,B2.5V,-0.134,14.950858,-60.794062,-30.937099,0.00000027,0.00001858,-0.000011,4.953529829382003,-0.4589643844760175,0.0000000672436575,-0.000000255254402,Sig,34,Sgr,1,92564,,642.6877173170194,,,
68714,68933,123139,5288,Gl 539,5The Cen,Menkent,14.111395,-36.369954,18.0343,-519.29,-517.87,1.3,2.06,0.78,K0IIIb,1.011,-12.358808,-7.624204,-10.694288,-0.0000019,0.00005217,-0.00003724,3.6943545480965847,-0.6347754526653112,-0.0000025175889618,-0.000002510704607,The,5,Cen,1,68714,,42.46195639463128,,,
676,677,358,15,,21Alp And,Alpheratz,0.139791,29.090432,29.7442,135.68,-162.95,-12.0,2.07,-0.297,B9p,-0.038,25.974572,0.951042,14.461264,-0.00000002,0.00001958,-0.0000265,0.03659716270801555,0.5077238184659449,0.0000006577952018,-0.000000790003892,Alp,21,And,1,676,,114.49855346901883,Alp,2.083,2.063
5436,5447,6860,337,Gl 53.3,43Bet And,Mirach,1.162194,35.620558,60.5327,175.59,-112.23,-0.8,2.07,-1.84,M0IIIvar,1.576,46.946371,14.741814,35.255129,0.00000223,0.00005471,-0.00002725,0.30426179273798976,0.6216960120690613,0.0000008512843417,-0.000000544106393,Bet,43,And,1,5436,,474.2419852602448,,,
27298,27366,38771,2004,,53Kap Ori,Saiph,5.795941,-9.669605,198.4127,1.55,-1.2,21.0,2.07,-4.418,B0.5Iavar,-0.168,10.444137,195.314937,-33.326707,-0.00000037,0.00002103,-0.00000475,1.5173738927528553,-0.168766439905435,0.000000007514612,-0.000000005817764,Kap,53,Ori,1,27298,,5095.654806081146,,,
72380,72607,131873,5563,,7Bet UMi,Kochab,14.845105,74.155505,40.1445,-32.29,11.91,17.0,2.07,-0.948,K4IIIvar,1.465,-8.058164,-7.429707,38.619407,-0.00000611,0.00000291,0.00001736,3.8864392902195473,1.2942577172364538,-0.0000001565463375,0.000000057741309,Bet,7,UMi,1,72380,,208.54510476931685,,,
111768,112122,214952,8636,,Bet Gru,Tiaki,22.711115,-46.884577,54.2594,135.68,-4.51,2.0,2.07,-1.602,M5III,1.61,34.993484,-12.277259,-39.608199,0.00001232,0.0000335,-0.0000023,5.945755997708016,-0.8182902343195899,0.0000006577952018,-0.000000021865096,Bet,,Gru,1,111768,,380.89037649813514,,2.191,1.971
85769,86032,159561,6556,Gl 681,55Alp Oph,Rasalhague,17.582241,12.560035,14.8965,110.08,-222.61,12.6,2.08,1.215,A5III,0.155,-1.587067,-14.453242,3.239454,0.00000615,-0.00001685,-0.00001289,4.603020022725371,0.2192139606173275,0.0000005336828996,-0.000001079243734,Alp,55,Oph,1,85769,,28.444611074479155,,,
14540,14576,19356,936,,26Bet Per,Algol,3.136148,40.955648,27.571,2.39,-1.44,4.0,2.09,-0.112,B8V,-0.003,14.189428,15.238793,18.072114,0.00000196,0.00000257,0.00000254,0.821041501386661,0.7148108979134763,0.000000011587047,-0.000000006981317,Bet,26,Per,1,14540,,96.56060985415496,Bet,2.213,2.073
9618,9640,12533,603,,57Gam1And,Almach,2.064984,42.329725,120.4819,43.08,-50.85,-12.0,2.1,-3.305,B8V,1.37,76.368059,45.840864,81.131974,-0.00000358,0.0000272,-0.00003022,0.5406116765051688,0.738793066882135,0.0000002088577336,-0.000000246527756,Gam-1,57,And,1,9618,,1828.1002161427427,,,
57459,57632,102647,4534,Gl 448,94Bet Leo,Denebola,11.817663,14.57206,10.9999,-499.02,-113.78,-0.2,2.14,1.933,A3Vvar,0.09,-10.633926,0.508011,2.767546,-0.00000006,0.00002664,-0.00000592,3.093856965974249,0.2543304303162062,-0.0000024193172287,-0.000000551621005,Bet,94,Leo,1,57459,,14.682499678319866,,,
4417,4427,5394,264,,27Gam Cas,Cih,0.945143,60.71674,168.3502,25.65,-3.82,-7.0,2.15,-3.981,B0IV:evar,-0.046,79.836717,20.168018,146.837047,-0.00000589,0.0000201,-0.00000777,0.2474379511037043,1.0597070289510324,0.0000001243547091,-0.000000018519882,Gam,27,Cas,1,4417,,3407.218616593573,Gam,2.173,2.133
39318,39429,66811,3165,,Zet Pup,Naos,8.059737,-40.003148,332.2259,-30.82,16.77,-24.0,2.21,-5.397,O5IAf,-0.269,-130.674899,218.376203,-213.564535,0.00004333,0.00002425,0.00003647,2.110034132578707,-0.6981866375965275,-0.0000001494195763,0.000000081303254,Zet,,Pup,1,39318,,12554.51673687138,Zet,2.224,2.194
45425,45556,80404,3699,,Iot Car,Aspidiske,9.284838,-59.275229,234.7418,-19.03,13.11,13.0,2.21,-4.643,A8Ib,0.189,-90.887872,78.251756,-201.791538,-0.00000074,0.00002921,-0.00000381,2.43076493672462,-1.0345479138581113,-0.0000000922600434,0.000000063559073,Iot,,Car,1,45425,,6269.024974761646,,,
76035,76267,139006,5793,,5Alp CrB,Alphecca,15.578128,26.714693,23.0097,120.38,-89.44,2.0,2.22,0.41,A0V,0.032,-12.176093,-16.558746,10.343974,0.00000708,-0.00001304,-0.00000799,4.0783442886637005,0.46625935084814374,0.0000005836187087,-0.000000433617355,Alp,5,CrB,1,76035,,59.70352865838366,Alp,2.289,2.209
44689,44816,78647,3634,,Lam Vel,Suhail,9.133268,-43.432589,166.9449,-23.21,14.28,18.0,2.23,-3.883,K4Ib-II,1.665,-88.662596,82.682121,-114.774841,-0.00000278,0.00002827,-0.00000426,2.3910838764040165,-0.7580416852253112,-0.0000001125252553,0.000000069231393,Lam,,Vel,1,44689,,3113.149665447025,Lam,2.272,2.182
65173,65378,116656,5054,GJ 3783A,79Zet UMa,Mizar,13.398747,54.925362,26.3089,121.23,-22.01,-5.6,2.23,0.129,A2V,0.057,-14.115808,-5.413302,21.531272,0.00000646,-0.00001408,-0.0000063,3.507783854721718,0.9586284043094538,0.0000005877396249,-0.000000106707491,Zet,79,UMa,1,65173,GJ 3783,77.33925780489973,,2.336,2.196
100128,100453,194093,7796,,37Gam Cyg,Sadr,20.370473,40.256679,561.7978,2.43,-0.93,-8.0,2.23,-6.518,F8Ib,0.673,249.318228,-348.795593,363.040966,0.0000027,0.0000076,-0.00000722,5.332977255083509,0.7026115975482887,0.0000000117809724,-0.000000004508767,Gam,37,Cyg,1,100128,,35253.318119588555,,,
3172,3179,3712,168,,18Alp Cas,Schedar,0.675116,56.537331,69.979,50.36,-32.17,-4.0,2.24,-1.985,K0II-IIIvar,1.17,37.984817,6.784483,58.379619,0.00000374,0.00001802,-0.00000943,0.17674488133148336,0.9867625763100912,0.0000002441521695,-0.000000155964561,Alp,18,Cas,1,3172,,542.0008904016238,Alp,2.25,2.23
87561,87833,164058,6705,,33Gam Dra,Eltanin,17.943437,51.488895,47.3037,-8.52,-23.05,-28.0,2.24,-1.134,K5III,1.521,-0.436154,-29.451035,37.014357,-0.00000175,0.00001372,-0.0000257,4.697580791571401,0.8986507441914112,-0.0000000413061256,-0.000000111749553,Gam,33,Dra,1,87561,,247.5141318074314,,,
25865,25930,36486,1852,,34Del Ori,Mintaka,5.533445,-0.299092,212.3142,1.67,0.56,16.0,2.25,-4.385,O9.5II,-0.175,25.868117,210.729667,-1.108306,0.00000029,0.00001645,0.00000049,1.4486524168433992,-0.005220140244135,0.0000000080963885,0.000000002714956,Del,34,Ori,1,25865,,4943.106869868354,Del,2.334,2.234
744,746,432,21,Gl 8,11Bet Cas,Caph,0.152887,59.14978,16.7842,523.39,-180.42,11.3,2.28,1.155,F2III-IV,0.38,8.600014,0.344589,14.409503,0.00001681,0.00004329,0.00000239,0.040025852830323276,1.0323584043676326,0.0000025374663227,-0.000000874700842,Bet,11,Cas,1,744,,30.06076302628229,Bet,2.303,2.263
78165,78401,143275,5953,,7Del Sco,Dschubba,16.005557,-22.62171,150.6024,-8.67,-36.9,-7.0,2.29,-3.599,B0.2IV,-0.117,-69.332609,-120.492107,-57.928452,0.00000298,0.00001787,-0.00002211,4.190245125208222,-0.39482331934217,-0.0000000420333461,-0.000000178896248,Del,7,Sco,1,78165,,2396.624529408638,Del,2.299,2.279
82144,82396,151680,6241,,26Eps Sco,Larawag,16.83608,-34.293232,19.5351,-611.83,-255.87,-3.0,2.29,0.836,K2IIIb,1.144,-4.842163,-15.39568,-11.006616,-0.00005042,0.00003282,-0.00001829,4.407675434439009,-0.598529803311685,-0.0000029662355417,-0.000001240492764,Eps,26,Sco,1,82144,,40.3273792976113,,,
53754,53910,95418,4295,GJ 9343,48Bet UMa,Merak,11.030677,56.382427,24.4499,81.66,33.74,-12.0,2.34,0.399,A1V,0.033,-13.103033,3.398358,20.360601,0.00000737,-0.00001191,-0.00000801,2.887824569114951,0.9840589862911813,0.0000003958988515,0.000000163576135,Bet,48,UMa,1,53754,,60.311481961781745,,,
71879,72105,129988,5505,,36Eps Boo,Izar,14.749784,27.074222,62.1118,-50.65,20.0,-23.0,2.35,-1.616,A0,0.966,-41.582771,-36.462926,28.269741,0.00000775,0.00002708,-0.00000534,3.8614843383663695,0.47253432342394,-0.0000002455581292,0.000000096962736,Eps,36,Boo,1,71879,,385.83355990535125,,,
106972,107315,206778,8308,,8Eps Peg,Enif,21.736433,9.875011,211.4165,30.02,1.38,5.0,2.38,-4.246,K2Ibvar,1.52,172.769915,-116.330918,36.25782,0.00002116,0.00002284,0.00000227,5.690584775484336,0.17235145954124498,0.0000001455410669,0.000000006690428,Eps,8,Peg,1,106972,,4349.106072324538,Eps,2.404,2.364
2076,2081,2261,99,,Alp Phe,Ankaa,0.438056,-42.305981,25.974,232.76,-353.64,75.0,2.4,0.327,K0III...,1.083,19.083654,2.198282,-17.483284,0.00002323,0.00003218,-0.00008456,0.11468290295782503,-0.7383786688321162,0.0000011284523229,-0.000001714495099,Alp,,Phe,1,2076,,64.44659847416881,,,
57828,58001,103287,4554,,64Gam UMa,Phecda,11.897168,53.69476,25.5037,107.76,11.16,-13.0,2.41,0.377,A0V SB,0.044,-15.094867,0.406425,20.552678,0.00000862,-0.00001356,-0.0000099,3.1146712453081937,0.9371503534205525,0.0000005224352222,0.000000054105206,Gam,64,UMa,1,57828,,61.54602373713163,,,
83755,84012,155125,6378,Gl 656.1A,35Eta Oph,Sabik,17.172968,-15.72491,27.0929,41.16,97.65,-2.4,2.43,0.266,A2.5Va,0.059,-5.602493,-25.470005,-7.342684,0.00000504,-0.00000225,0.00001301,4.495872618056471,-0.27445145757010875,0.0000001995493109,0.000000473420559,Eta,35,Oph,1,83755,Gl 656.1,68.17105263058534,,,
113521,113881,217906,8775,,53Bet Peg,Scheat,23.062901,28.082789,60.0962,187.76,137.61,9.0,2.44,-1.454,M2II-IIIvar,1.655,51.433435,-12.877612,28.290136,0.00000286,0.00005567,0.0000397,6.037853304003958,0.49013713158091876,0.0000009102861666,0.000000667152105,Bet,53,Peg,1,113521,,332.35330357747745,Bet,2.584,2.384
35806,35904,58350,2827,,31Eta CMa,Aludra,7.401584,-29.303104,609.7561,-3.76,6.66,41.0,2.45,-6.476,B5Ia,-0.083,-190.762166,496.337122,-298.432917,-0.0000062,0.00004711,-0.00000336,1.9377301884962992,-0.5114356374748288,-0.0000000182289944,0.000000032288591,Eta,31,CMa,1,35806,,33915.6386905822,Eta,2.509,2.409
104861,105199,203280,8162,Gl 826,5Alp Cep,Alderamin,21.30963,62.585573,15.0376,149.91,48.27,-11.5,2.45,1.564,A7IV-V,0.257,5.276111,-4.483201,13.348778,0.00000057,0.00001386,-0.00000882,5.578848152361649,1.0923243046711761,0.0000007267841885,0.000000234019563,Alp,5,Cep,1,104861,,20.62528697846573,,,
45809,45941,81188,3734,,Kap Vel,Markeb,9.368562,-55.010668,175.4386,-10.72,11.24,22.0,2.47,-3.751,B2IV,-0.141,-77.65777,63.951481,-143.729782,-0.00001021,0.00002022,-0.00001295,2.4526837752447674,-0.9601172781857512,-0.0000000519720266,0.000000054493057,Kap,,Vel,1,45809,,2756.7666102901003,,,
102157,102488,197989,7949,Gl 806.1A,53Eps Cyg,Aljanah,20.770178,33.970256,22.2916,356.16,330.28,-10.9,2.48,0.739,K0III,1.021,12.262597,-13.834612,12.455654,0.00000944,0.00004737,0.00002337,5.43761981873354,0.59289281587296,0.0000017267124047,0.000001601242624,Eps,53,Cyg,1,102157,Gl 806.1,44.09608164506378,,,
113603,113963,218045,8781,,54Alp Peg,Markab,23.079348,15.205264,40.8831,61.1,-42.56,-4.0,2.49,-0.568,B9.5III,-0.002,38.311434,-9.417123,10.722722,0.00000121,0.00001217,-0.00000921,6.042159145935139,0.2653819265538575,0.0000002962211588,-0.000000206336702,Alp,54,Peg,1,113603,,146.96028989796503,,,
14100,14135,18884,911,,92Alp Cet,Menkar,3.037992,4.089734,76.3942,-11.81,-78.76,-26.0,2.54,-1.875,M2III,1.63,53.342561,54.414384,5.448321,-0.00001399,-0.00002052,-0.00003099,0.7953445140056629,0.0713793229065275,-0.0000000572564957,-0.000000381839254,Alp,92,Cet,1,14100,,489.77881936844614,Alp,2.561,2.521
54712,54872,97603,4357,Gl 419,68Del Leo,Zosma,11.235138,20.523717,17.9147,143.31,-130.43,-20.2,2.56,1.294,A4V,0.128,-16.442201,3.337108,6.280742,0.00001259,-0.00001526,-0.00001785,2.941352165381749,0.3582064320032738,0.0000006947864856,-0.000000632342483,Del,68,Leo,1,54712,,26.448436268543603,,,
78580,78820,144217,5984,,8Bet1Sco,Acrab,16.09062,-19.805453,123.9157,-6.75,-24.89,-1.0,2.56,-2.906,B0.5V,-0.065,-55.881427,-102.320756,-41.98604,-0.00000067,0.00000723,-0.00001372,4.21251438265692,-0.34567036986359373,-0.0000000327249234,-0.000000120670125,Bet-1,8,Sco,1,78580,,1265.9017493002452,,,
25920,25985,36673,1865,,11Alp Lep,Arneb,5.545504,-17.822289,680.2721,3.27,1.54,24.0,2.58,-6.583,F0Ib,0.211,76.877195,643.047236,-208.208,-0.00000775,0.00002603,-0.00000268,1.4518096517173142,-0.3110576146713625,0.0000000158534074,0.00000000746613,Alp,11,Lep,1,25920,,37428.29122408052,,,
59621,59803,106625,4662,,4Gam Crv,Gienah,12.263437,-17.541929,47.1032,-159.58,22.31,-4.0,2.58,-0.785,B8III,-0.107,-44.805937,-3.095058,-14.197066,-0.00000015,0.00003652,0.00000609,3.2105604074253753,-0.306164425583095,-0.0000007736656714,0.000000108161932,Gam,4,Crv,1,59621,,179.47336268325265,,,
93213,93506,176687,7194,,38Zet Sgr,Ascella,19.043532,-29.880105,27.0416,-14.1,3.66,22.0,2.6,0.44,A3IV,0.062,6.326274,-22.577554,-13.471863,0.00000355,-0.00001951,-0.00001079,4.985585011861122,-0.521506218738425,-0.000000068358729,0.00000001774418,Zet,38,Sgr,1,93213,,58.07644175213118,,,
74556,74785,135742,5685,,27Bet Lib,Zubeneschamali,15.283449,-9.382917,56.7537,-96.39,-20.76,-35.0,2.61,-1.16,B8V,-0.071,-36.549398,-42.420251,-9.252607,0.00000357,0.00004477,0.0000002,4.001197527020817,-0.16376280166405,-0.0000004673119067,-0.00000010064732,Bet,27,Lib,1,74556,,253.51286304979072,,,
76835,77070,140573,5854,Gl 596.2,24Alp Ser,Unukalhai,15.737798,6.425627,22.6757,134.66,44.14,2.7,2.63,0.852,K2III,1.167,-12.5786,-18.695648,2.537718,0.00001105,-0.00001009,0.00000513,4.120145986438394,0.11214834647163249,0.0000006528501022,0.000000213996758,Alp,24,Ser,1,76835,,39.73745050614631,,,
8884,8903,11636,553,Gl 80,6Bet Ari,Sheratan,1.910668,20.808035,17.9856,96.32,-108.8,-4.0,2.64,1.365,A5V...,0.165,14.752622,8.063457,6.389157,-0.00000443,0.00000715,-0.00001032,0.5002117420096996,0.363168721573765,0.0000004669725371,-0.000000527477284,Bet,6,Ari,1,8884,,24.774220576332848,,,
26569,26634,37795,1956,,Alp Col,Phact,5.660817,-34.074108,80.1282,-0.1,-24.05,35.0,2.65,-1.869,B7IV,-0.12,5.885917,66.110037,-44.89318,0.0000022,0.00002432,-0.00002779,1.4819983267578802,-0.5947053712297875,-0.0000000004848137,-0.00000011659769,Alp,,Col,1,26569,,487.07966649253666,,,
28309,28380,40312,2095,,37The Aur,Mahasim,5.995351,37.212585,50.7614,42.09,-73.61,30.0,2.65,-0.878,A0p Si,-0.083,0.049188,40.426416,30.69934,-0.00001031,0.0000354,0.00000413,1.5695791535081838,0.6494821333756875,0.0000002040580781,-0.00000035687135,The,37,Aur,1,28309,,195.52396696208865,The,2.66,2.63
61166,61359,109379,4786,,9Bet Crv,Kraz,12.573121,-23.396759,44.6628,0.86,-56.0,-8.0,2.65,-0.6,G5II,0.893,-40.529889,-6.127261,-17.73539,0.00001221,0.00000166,-0.00000788,3.2916353004822296,-0.40835048058703377,0.0000000041693977,-0.000000271495661,Bet,9,Crv,1,61166,,151.3561248436207,,,
6672,6686,8538,403,,37Del Cas,Ruchbah,1.430216,60.235283,30.4785,297.24,-49.49,7.0,2.66,0.24,A5Vv SB,0.16,14.082378,5.53413,26.457567,-0.00000685,0.0000445,0.00000258,0.37442958727661074,1.0513040155749624,0.0000014410601841,-0.00000023993429,Del,37,Cas,1,6672,,69.82324040771711,Del,2.666,2.656
67711,67927,121370,5235,Gl 534,8Eta Boo,Muphrid,13.911411,18.397717,11.396,-60.95,-358.1,1.0,2.68,2.396,G0IV,0.58,-9.487671,-5.188142,3.596709,-0.00000795,-0.00000051,-0.00001845,3.64199895242804,0.3211007359693375,-0.0000002954939383,-0.00000173611779,Eta,8,Boo,1,67711,,9.585173976856456,,,
22961,23015,31398,1577,,3Iot Aur,Hassaleh,4.949894,33.16609,151.2859,3.63,-18.54,18.0,2.69,-3.209,K3IIvar,1.49,34.378539,121.884168,82.763748,0.00000364,0.00002271,-0.00000131,1.2958792109889454,0.57885747451101,0.0000000175987366,-0.000000089884456,Iot,3,Aur,1,22961,,1673.4009068393123,,,
85436,85696,158408,6508,,34Ups Sco,Lesath,17.512732,-37.295811,176.6784,-4.19,-29.14,8.0,2.7,-3.536,B2IV,-0.179,-17.880984,-139.40881,-107.054828,-0.00000246,0.000009,-0.00002481,4.584822594255185,-0.6509346981536775,-0.0000000203136932,-0.000000141274706,Ups,34,Sco,1,85436,,2261.5177461083626,,,
89653,89931,168454,6859,,19Del Sgr,Kaus Media,18.3499,-29.828103,106.6098,29.96,-26.38,-20.0,2.72,-2.419,K3III,1.38,8.460232,-92.098382,-53.027575,0.00001318,0.00002584,-0.00000165,4.803992512939064,-0.5205986100711699,0.0000001452501787,-0.000000127893848,Del,19,Sgr,1,89653,,808.3510373900685,,,
96970,97278,186791,7525,,50Gam Aql,Tarazed,19.770994,10.613261,121.0654,15.72,-3.08,-2.0,2.72,-2.695,K3II,1.507,53.215608,-106.431852,22.297682,0.0000075,0.00000563,-0.00000215,5.1760341858612176,0.18523635134271627,0.0000000762127106,-0.000000014932261,Gam,50,Aql,1,96970,,1042.3174293933046,,,
79352,79593,146051,6056,,1Del Oph,Yed Prior,16.239094,-3.694323,52.4659,-45.83,-142.91,-20.0,2.73,-0.869,M1III,1.584,-23.290749,-46.890988,-3.380547,-0.00000032,0.00002556,-0.00003495,4.251384941836539,-0.06447809841326249,-0.0000002221901098,-0.00000069284723,Del,1,Oph,1,79352,,193.9099078614849,,,
80089,80331,148387,6132,Gl 624.1A,14Eta Dra,Athebyne,16.39986,61.514213,28.2326,-16.98,56.68,-13.7,2.73,0.476,G8III,0.91,-5.477258,-12.300885,24.814526,0.00000337,0.00001328,-0.00000862,4.2934733706880746,1.0736255544334474,-0.000000082321363,0.000000274792394,Eta,14,Dra,1,80089,Gl 624.1,56.182362813422785,,,
61748,61941,110379,4825,Gl 482A,29Gam Vir,Porrima,12.694345,-1.449375,11.685,-616.66,60.66,-19.9,2.74,2.402,F0V+...,0.368,-11.488622,-2.111702,-0.295552,0.00001361,0.00003802,0.00000395,3.3233717735446278,-0.0252963627301925,-0.0000029896520425,0.000000294087978,Gam,29,Vir,1,61748,Gl 482,9.532350439205146,,,
26176,26241,37043,1899,,44Iot Ori,Hatysa,5.590551,-5.909901,714.2857,2.27,-0.62,22.0,2.75,-6.519,O9III,-0.21,76.014147,706.411475,-73.54604,-0.00000544,0.00002287,-0.00000445,1.4636027422961173,-0.10314723630113501,0.0000000110052705,-0.000000003005844,Iot,44,Ori,1,26176,,35285.8025828527,,,
72396,72622,130841,5531,Gl 564.1,9Alp2Lib,Zubenelgenubi,14.847977,-16.041778,23.2396,-105.69,-69.0,-46.7,2.75,0.919,A3IV,0.147,-16.408581,-15.151818,-6.421874,0.00002722,0.00004135,0.00000573,3.887191169503684,-0.27998184606259124,-0.000000512399579,-0.000000334521439,Alp-2,9,Lib,1,72396,,37.35940922587999,,,
86475,86742,161096,6603,,60Bet Oph,Cebalrai,17.724543,4.567303,25.0941,-40.67,158.8,-12.0,2.76,0.762,K2III,1.168,-1.802333,-24.949291,1.998237,-0.00000394,0.00001409,0.00001828,4.640274382729916,0.079714471486085,-0.0000001971737239,0.000000769884124,Bet,60,Oph,1,86475,,43.171784447092264,,,
23820,23875,33111,1666,GJ 9175,67Bet Eri,Cursa,5.130829,-5.086446,27.3973,-83.39,-75.44,-9.2,2.78,0.591,A3IIIvar,0.161,6.156194,26.585876,-2.429001,0.00000848,-0.00001249,-0.00000915,1.3432479534963782,-0.0887752322551,-0.0000004042861282,-0.00000036574344,Bet,67,Eri,1,23820,,50.53589947531675,,,
80571,80816,148856,6148,,27Bet Her,Kornephoros,16.503668,21.489613,42.6621,-98.43,-14.49,-26.0,2.78,-0.37,G8III,0.947,-15.155861,-36.689058,15.62843,-0.00000979,0.00002963,-0.00001253,4.320650131481575,0.3750645053168575,-0.0000004772021058,-0.000000070249502,Bet,27,Her,1,80571,,122.4616199265049,,,
84086,84345,156014,6406,,64Alp1Her,Rasalgethi,17.244127,14.390333,110.2536,-6.71,32.78,-33.0,2.78,-2.432,M5IIvar,1.164,-20.995512,-104.709944,27.400863,0.00000377,0.00003703,0.00000858,4.514501981353768,0.251158687566835,-0.000000032530998,0.000000158921924,Alp-1,64,Her,1,84086,,818.0879579457477,Alp,2.967,2.567
59565,59747,106490,4656,,Del Cru,Imai,12.252427,-58.748928,105.8201,-36.68,-10.72,22.0,2.79,-2.333,B2IV,-0.193,-54.778605,-3.62525,-90.466,-0.0000082,0.00001831,-0.00002209,3.207677761990492,-1.0253622207552275,-0.000000177829658,-0.000000051972026,Del,,Cru,1,59565,,746.7925899308835,Del,2.794,2.784
85410,85670,159181,6536,,23Bet Dra,Rastaban,17.507213,52.301387,116.5501,-15.59,11.57,-20.0,2.79,-2.543,G2II,0.954,-9.169333,-70.678899,92.218765,-0.00000646,0.00001867,-0.00001219,4.583377711653538,0.9128314068132425,-0.0000000755824528,0.000000056092942,Bet,23,Dra,1,85410,,906.149802231998,,,
25542,25606,36079,1829,,9Bet Lep,Nihal,5.470756,-20.759441,49.1642,-5.03,-85.92,-14.0,2.81,-0.648,G5II,0.807,6.349344,45.531613,-17.425966,-0.00000166,-0.00002061,-0.00001407,1.4322406986213787,-0.3623205948292475,-0.0000000243861281,-0.000000416551914,Bet,9,Lep,1,25542,,158.1976398601154,,,
81020,81266,149438,6165,,23Tau Sco,Paikauhale,16.598043,-28.216016,145.3488,-8.59,-22.5,2.0,2.82,-2.992,B0V,-0.206,-45.960032,-119.546841,-68.7205,-0.00000361,0.00000749,-0.00001494,4.3453574616019175,-0.49246238447693247,-0.0000000416454952,-0.000000109083078,Tau,23,Sco,1,81020,,1370.2505971242451,,,
90217,90496,169916,6913,Gl 713.1,22Lam Sgr,Kaus Borealis,18.466179,-25.4217,23.9693,-44.81,-186.29,-43.2,2.82,0.922,K1IIIb,1.025,2.635486,-21.487046,-10.289309,-0.00001116,0.0000482,-0.00000058,4.83443427510616,-0.4436923676447937,-0.0000002172450103,-0.000000903159405,Lam,22,Sgr,1,90217,,37.25632384666037,,,
1065,1067,886,39,,88Gam Peg,Algenib,0.220598,15.183596,120.048,4.7,-8.24,4.0,2.83,-2.567,B2IV,-0.19,115.664183,6.687324,31.442127,0.00000504,0.00000303,-0.00000356,0.05775241337962613,0.2650037404493388,0.000000022786243,-0.000000039948647,Gam,88,Peg,1,1065,,926.4031007363994,Gam,2.846,2.816
39644,39757,67523,3185,,15Rho Pup,Tureis,8.125737,-24.304324,19.4818,-83.29,46.38,46.0,2.83,1.382,F2mF5IIp,0.458,-9.379037,15.076242,-8.018549,-0.00001692,0.00004209,-0.00001537,2.127312993738498,-0.4241904755048812,-0.0000004038013145,0.000000224856585,Rho,15,Pup,1,39644,,24.389337302789126,Rho,2.875,2.775
17661,17702,23630,1165,,25Eta Tau,Alcyone,3.79141,24.105137,123.6094,19.35,-43.11,10.0,2.85,-2.61,B7III,-0.086,61.664507,94.489136,50.483636,0.00000116,0.00002299,-0.0000194,0.9925887748501628,0.42071400922220126,0.0000000938114472,-0.000000209003177,Eta,25,Tau,1,17661,,963.8290236239706,,,
63405,63608,113226,4932,,47Eps Vir,Vindemiatrix,13.036278,10.95915,33.6022,-275.05,19.96,-14.0,2.85,0.218,G8IIIvar,0.934,-31.782664,-8.840495,6.38806,0.00000213,0.0000471,0.00000047,3.4128895430497517,0.1912732567270875,-0.0000013334800284,0.00000009676881,Eps,47,Vir,1,63405,,71.25248247522671,,,
107213,107556,207098,8322,Gl 837,49Del Cap,Deneb Algedi,21.784011,-16.127286,11.8666,263.26,-296.23,-6.3,2.85,2.478,A5mF2 (IV),0.18,9.534405,-6.248606,-3.296196,-0.00000083,0.00001865,-0.00001458,5.703040680804334,-0.28147423843119374,0.0000012763204954,-0.000001436163565,Del,49,Cap,1,107213,,8.8879171988482,Del,2.93,2.82
118485,,60178,2890,Gl 278B,66Alp Gem,Castor B,7.576827,31.89052,15.8053,-162.69,-98.14,-1.2,2.85,1.856,A m,,-5.383676,12.292323,8.349873,0.00001024,0.00000769,-0.00000703,1.9836087168311551,0.5565945679503,-0.0000007887433769,-0.000000475800994,Alp,66,Gem,2,36744,Gl 278,15.761589049638374,,,
96858,97165,186882,7528,,18Del Cyg,Fawaris,19.749574,45.13081,50.5817,43.22,48.44,-20.0,2.86,-0.66,B9.5III,-0.002,15.779435,-32.006459,35.8481,-0.0000006,0.00002518,-0.00000612,5.170426442444136,0.7876812218827774,0.0000002095364727,0.000000234843746,Del,18,Cyg,1,96858,,159.95580286146696,,,
30270,30343,44478,2286,,13Mu  Gem,Tejat,6.382673,22.513586,71.0227,56.84,-108.79,55.0,2.87,-1.387,M3IIIvar,1.621,-6.562116,65.281443,27.194957,-0.0000261,0.00006402,-0.00001306,1.6709799892208403,0.3929361989979738,0.000000275568096,-0.000000527428803,Mu,13,Gem,1,30270,,312.46400858061116,Mu,2.946,2.826
13813,13847,18622,897,,The1Eri,Acamar,2.971023,-40.304672,49.4315,-53.53,25.71,12.0,2.88,-0.59,A4III+...,0.128,26.85749,26.453029,-31.974932,0.00001851,0.00000023,-0.00000324,0.777812118193322,-0.7034492363510262,-0.0000002595207632,0.000000124645597,The-1,,Eri,1,13813,,149.96848355023724,,,
93846,94141,178524,7264,,41Pi  Sgr,Albaldah,19.162731,-21.023615,156.25,-1.17,-36.83,-10.0,2.88,-3.089,F2II/III,0.377,43.714239,-139.143552,-56.055078,-0.00000671,0.00001839,-0.00002237,5.016791345367199,-0.3669312993726825,-0.0000000056723201,-0.000000178556878,Pi,41,Sgr,1,93846,,1498.3042106226599,,,
36087,36188,58715,2845,,3Bet CMi,Gomeisa,7.452512,8.289315,49.5786,-50.28,-38.45,22.0,2.89,-0.586,B8Vvar,-0.097,-18.209817,45.556204,7.147858,0.00000246,0.0000264,-0.0000059,1.9510630590622124,0.144675846904975,-0.0000002437643186,-0.00000018641086,Bet,3,CMi,1,36087,,149.41699574067007,Bet,2.896,2.876
62925,63125,112413,4915,,12Alp2CVn,Cor Caroli,12.933807,38.31838,35.1989,-233.43,54.98,-3.0,2.89,0.157,A0spe...,-0.115,-26.795114,-6.684223,21.824384,-0.00000166,0.00004064,0.00000546,3.386062717619973,0.6687818903174088,-0.0000011317005745,0.000000266550561,Alp-2,12,CVn,1,62925,,75.37025766884257,Alp-2,2.943,2.863
78029,78265,143018,5944,,6Pi  Sco,Fang,15.980865,-26.114105,179.5332,-12.0,-25.71,-3.0,2.89,-3.381,B1V + B2V,-0.18,-81.301517,-139.203202,-79.023364,-0.00000266,0.00001615,-0.00001874,4.183780643945635,-0.4557771176489737,-0.0000000581776417,-0.000000124645597,Pi,6,Sco,1,78029,,1960.6496672266012,Pi,2.913,2.873
79870,80112,147165,6084,,20Sig Sco,Alniyat,16.353143,-25.592796,213.6752,-10.03,-18.03,3.0,2.9,-3.749,B1III,0.299,-80.536239,-175.075401,-92.301792,-0.00000722,0.00000916,-0.00001817,4.281242955515394,-0.4466785608541775,-0.0000000486268122,-0.000000087411906,Sig,20,Sco,1,79870,,2751.693132808793,Sig,2.928,2.868
105936,106278,204867,8232,,22Bet Aqr,Sadalsuud,21.525982,-5.571172,164.7446,22.79,-6.7,7.0,2.9,-3.184,G0Ib,0.828,130.759282,-98.929336,-15.993766,0.00001625,0.00001053,-0.00000602,5.635488811779081,-0.097235298222015,0.0000001104890378,-0.000000032482516,Bet,22,Aqr,1,105936,,1635.3096517445822,,,
111804,112158,215182,8650,,44Eta Peg,Matar,22.716704,30.221245,65.703,13.11,-26.11,4.0,2.93,-1.158,G2II-III..,0.852,53.59916,-18.717064,33.070991,0.00000867,0.0000014,-0.00000513,5.947219325141893,0.5274602313825538,0.0000000635590735,-0.000000126584851,Eta,44,Peg,1,111804,,253.04630494613966,,,
60776,60965,108767,4757,,7Del Crv,Algorab,12.497739,-16.515432,26.6312,-209.97,-139.3,9.0,2.94,0.813,B9.5V,-0.012,-25.316094,-3.317674,-7.57057,-0.0000072,0.00002639,-0.00001986,3.2719004348212555,-0.28824867427274875,-0.0000010179632851,-0.000000675345457,Del,7,Crv,1,60776,,41.19077848677376,,,
108728,109074,209750,8414,,34Alp Aqr,Sadalmelik,22.096399,-0.319851,160.5136,17.9,-9.93,8.0,2.95,-3.078,G2Ib,0.969,140.987693,-76.722268,-0.896054,0.00001381,0.00000834,-0.00000777,5.784823674339427,-0.0055824472424825,0.0000000867816488,-0.000000048141998,Alp,34,Aqr,1,108728,,1483.2009671818741,,,
18497,18543,25025,1231,,34Gam Eri,Zaurak,3.967157,-13.508515,62.3441,60.51,-111.34,62.0,2.97,-1.004,M1IIIb Ca-1,1.588,30.760217,52.235828,-14.56308,0.00001154,0.00005563,-0.00004753,1.0385992839066334,-0.23576806917607127,0.0000002933607581,-0.000000539791551,Gam,34,Eri,1,18497,,219.5836500973188,Gam,3.0,2.95
26386,26451,37202,1910,,123Zet Tau,Tianguan,5.627413,21.142549,136.4256,2.39,-18.04,20.0,2.97,-2.704,B4IIIp,-0.148,12.391949,126.637551,49.207351,0.0000007,0.00002342,-0.00000375,1.4732531913866609,0.3690070937216137,0.000000011587047,-0.000000087460387,Zet,123,Tau,1,26386,,1050.9934271862176,Zet,3.032,2.902
47772,47908,84441,3873,,17Eps Leo,Ras Elased Australis,9.764188,23.774255,75.643,-46.09,-9.57,4.0,2.97,-1.424,G0II,0.808,-57.700126,38.244772,30.494289,0.00000504,0.00001694,-0.00000156,2.556258343807028,0.41493902002914623,-0.0000002234506254,-0.000000046396669,Eps,17,Leo,1,47772,,323.2957533680941,,,
88361,88635,165135,6746,,10Gam2Sgr,Alnasl,18.096803,-30.424091,29.7,-55.75,-181.53,22.0,2.98,0.616,K0III,0.981,0.648969,-25.602281,-15.040072,-0.00000787,-0.00000637,-0.00003393,4.737732034018264,-0.5310005637198976,-0.0000002702836269,-0.000000880082274,Gam-2,10,Sgr,1,88361,,49.38556196176077,,,
93452,93747,177724,7235,GJ 4095A,17Zet Aql,Okab,19.090169,13.863478,25.4582,-7.04,-95.31,-25.0,2.99,0.961,A0Vn,0.014,6.95881,-23.716532,6.099966,-0.00000703,0.00002087,-0.00001755,4.997794545354773,0.2419633388357175,-0.0000000341308831,-0.000000462075918,Zet,17,Aql,1,93452,GJ 4095,35.94181463147148,,,
74868,75097,137422,5735,,13Gam UMi,Pherkad,15.345483,71.834016,149.2537,-18.03,17.68,-4.0,3.0,-2.87,A3II-III,0.058,-29.797327,-35.741213,141.814461,-0.00000142,0.00001867,0.0000001,4.017438041145818,1.2537400930067575,-0.0000000874119066,0.000000085715058,Gam,13,UMi,1,74868,,1224.6161992650489,Gam,3.016,2.996
82263,82514,151890,6247,,Mu 1Sco,Xamidimura,16.864509,-38.04738,153.6098,-8.84,-21.6,-25.0,3.0,-2.932,B1.5IV + B,-0.2,-35.43289,-115.66204,-94.671563,0.00000251,0.00003066,0.00000309,4.415118219996618,-0.6640520452978562,-0.0000000428575294,-0.000000104719755,Mu-1,,Sco,1,82263,,1296.5820353826284,Mu-1,3.206,2.946
107742,108085,207971,8353,,Gam Gru,Aldhanab,21.898808,-37.364852,64.7249,95.88,-12.1,-2.0,3.0,-1.055,B8III,-0.084,43.853581,-26.892269,-39.28078,0.00001238,0.0000277,-0.00000178,5.7330946093443735,-0.6521396962964812,0.0000004648393569,-0.000000058662455,Gam,,Gru,1,107742,,230.14418174085066,,,
30049,30122,44402,2282,,1Zet CMa,Furud,6.338553,-30.063367,111.1111,8.0,3.81,32.0,3.02,-2.209,B2.5V,-0.16,-8.512138,95.786306,-55.662081,-0.00000689,0.00002886,-0.00001462,1.6594293653695764,-0.5247047423752412,0.0000000387850944,0.000000018471401,Zet,1,CMa,1,30049,,666.1929002234552,,,
23361,23416,31964,1605,,7Eps Aur,Almaaz,5.032815,43.823308,653.5948,0.18,-2.31,-3.0,3.03,-6.047,F0Ia,0.537,118.129799,456.518488,452.57303,0.00000016,0.00000291,-0.00000741,1.3175878916358155,0.7648610190070351,0.0000000008726646,-0.000000011199196,Eps,7,Aur,1,23361,,22845.464885518246,Eps,3.085,2.935
70851,71075,127762,5435,,27Gam Boo,Seginus,14.534636,38.308253,26.6099,-115.55,151.87,-37.0,3.04,0.915,A7IIIvar,0.191,-16.449442,-12.860715,16.49506,0.00002378,0.00003751,-0.00000808,3.8051588582306812,0.66860513750719,-0.0000005602022079,0.000000736286536,Gam,27,Boo,1,70851,,37.49730022454834,Gam,3.052,3.032
95648,95947,183912,7417,,6Bet1Cyg,Albireo,19.512023,27.959681,133.1558,-7.09,-5.63,-24.0,3.05,-2.572,K3II+...,1.088,45.350466,-108.51838,62.430012,-0.00001193,0.00001667,-0.00001472,5.108235547233712,0.4879884921686625,-0.00000003437329,-0.00000002729501,Bet-1,6,Cyg,1,95648,,930.6791831626532,,,
100020,100345,193495,7776,,9Bet Cap,Dabih,20.350187,-14.781367,100.2004,48.42,14.0,-19.0,3.05,-1.954,A5:n,0.79,55.920163,-79.116953,-25.564218,0.00000936,0.0000275,0.00001153,5.327666598034361,-0.2579835241032437,0.0000002347467841,0.000000067873915,Bet,9,Cap,1,100020,,526.744488331906,,,
32161,32246,48329,2473,,27Eps Gem,Mebsuta,6.732202,25.131124,259.0674,-5.93,-12.81,10.0,3.06,-4.007,A3mA6-A9,1.377,-44.684834,230.247724,110.023705,0.00000425,0.00001722,-0.00001022,1.7624862964423016,0.43862086058447,-0.0000000287494513,-0.000000062104632,Eps,27,Gem,1,32161,,3489.7956743787418,,,
50655,50801,89758,4069,,34Mu  UMa,Tania Australis,10.372155,41.499516,70.6215,-80.47,34.1,-21.0,3.06,-1.185,M0III SB,1.603,-48.161684,21.865099,46.794651,0.00003308,0.00001524,-0.00000549,2.715423700366274,0.7243031975628188,-0.0000003901295687,0.000000165321465,Mu,34,UMa,1,50655,,259.4179362118815,,,
94081,94376,180711,7310,,57Del Dra,Altais,19.209225,67.661541,29.8686,94.49,92.3,25.0,3.07,0.694,G9III,0.99,3.534238,-10.788301,27.627312,0.00001218,0.00000677,0.00002873,5.028963347378909,1.1809166704764862,0.0000004581004468,0.000000447483027,Del,57,Dra,1,94081,,45.96211446660011,,,
27559,27628,39425,2040,,Bet Col,Wazn,5.849329,-35.768309,26.7308,55.74,404.68,89.0,3.12,0.985,K1.5III,1.146,0.855327,21.672805,-15.624858,-0.0000031,0.00010471,-0.00001066,1.5313508145575236,-0.6242747529899825,0.0000002702351455,0.000001961944002,Bet,,Col,1,27559,,35.15604405282981,,,
44000,44127,76644,3569,Gl 331A,9Iot UMa,Talitha,8.986828,48.041826,14.5096,-441.12,-215.21,9.0,3.12,2.312,A7IV,0.223,-6.835882,6.883318,10.789878,0.00000975,0.00003422,-0.00000328,2.352746110161558,0.8384880495341912,-0.0000021386101077,-0.000001043367521,Iot,9,UMa,1,44000,Gl 331,10.356189770449859,,,
84121,84379,156164,6410,GJ 3995A,65Del Her,Sarin,17.250531,24.839204,23.0362,-21.14,-157.68,-40.0,3.12,1.308,A3IVv SB,0.08,-4.075476,-20.503689,9.676738,0.00000348,0.00002962,-0.00003316,4.516178466215894,0.43352589502565375,-0.0000001024896121,-0.000000764454211,Del,65,Her,1,84121,GJ 3995,26.109586865859324,,,
83638,83895,155763,6396,,22Zet Dra,Aldhibah,17.146448,65.714683,100.7049,-20.76,19.15,-17.0,3.17,-1.845,B6III,-0.12,-9.178442,-40.388128,91.793254,-0.00000641,0.00001753,-0.000012,4.488929593335949,1.1469375883659163,-0.0000001006473201,0.000000092841819,Zet,22,Dra,1,83638,,476.4309868054156,,,
23712,23767,32630,1641,,10Eta Aur,Haedus,5.10858,41.234474,74.6269,30.6,-68.41,7.0,3.18,-1.184,B3V,-0.148,12.978524,54.599524,49.18977,-0.00000575,0.00002367,-0.00001389,1.3374230330886296,0.7196773429659176,0.0000001483529863,-0.000000331661038,Eta,10,Aur,1,23712,,259.1791134615946,,,
22396,22449,30652,1543,Gl 178,1Pi 3Ori,Tabit,4.830669,6.961276,8.0684,463.44,11.62,24.4,3.19,3.656,F6V,0.484,2.413721,7.63677,0.977904,-0.00000983,0.00002903,0.00000348,1.2646661966795603,0.12149717993430376,0.0000022468205212,0.000000056335349,Pi-3,1,Ori,1,22396,,3.003308878676558,,,
86991,87261,161892,6630,,,Fuyue,17.830965,-37.043304,38.5802,42.09,27.77,25.0,3.19,0.258,K0/K1III,1.192,-1.362278,-30.763993,-23.24156,0.00000682,-0.00002386,-0.00001126,4.668135843508184,-0.6465276119633587,0.0000002040580781,0.000000134632759,,,Sco,1,86991,,68.67521061488183,,,
116361,116727,222404,8974,Gl 903,35Gam Cep,Errai,23.65582,77.632276,14.1024,-48.85,127.18,-43.1,3.21,2.464,K1IV,1.031,3.008186,-0.271815,13.774751,-0.00001816,-0.00000171,-0.00004119,6.193079297724524,1.3549388191278324,-0.000000236831483,0.000000616586038,Gam,35,Cep,1,116361,,9.003264310597224,,,
79640,79882,146791,6075,GJ 3949,2Eps Oph,Yed Posterior,16.305358,-4.692511,32.6371,82.39,40.08,-7.7,3.23,0.661,G8III,0.966,-13.962311,-29.378579,-2.669978,0.00001492,0.00000102,0.00000696,4.2687327390824255,-0.08189976075842374,0.0000003994379914,0.000000194313323,Eps,2,Oph,1,79640,,47.38053933388255,,,
105691,106032,205021,8238,,8Bet Cep,Alfirk,21.477662,70.560716,210.084,12.6,8.73,-8.0,3.23,-3.382,B2IIIv SB,-0.201,55.219515,-42.886719,198.108029,-0.0000009,0.00001695,-0.00000476,5.622838696507083,1.2315168153370475,0.0000000610865238,0.000000042324234,Bet,8,Cep,1,105691,,1962.4563241736896,Bet,3.257,3.207
73486,73714,133216,5603,,20Sig Lib,Brachium,15.067839,-25.281965,88.4173,-71.85,-44.69,-4.0,3.25,-1.483,M3/M4III,1.674,-55.51919,-57.527085,-37.760649,-0.00001391,0.00002993,-0.00001557,3.9447509890369923,-0.44125352380328875,-0.0000003483386295,-0.000000216663233,Sig,20,Lib,1,73486,,341.3500729493114,Sig,3.351,3.181
92902,93194,176437,7178,,14Gam Lyr,Sulafat,18.982395,32.689557,190.1141,-2.76,1.77,-21.0,3.25,-3.145,B9III,-0.049,40.69872,-154.738921,102.67804,-0.00000728,0.00001769,-0.00001023,4.969579452917496,0.5705404070855175,-0.0000000133808576,0.000000008581202,Gam,14,Lyr,1,92902,,1577.6112696993484,,,
112776,113136,216627,8709,,76Del Aqr,Skat,22.910837,-15.82082,49.2368,-44.08,-24.81,18.0,3.27,-0.191,A3V,0.066,45.459019,-13.325406,-13.423467,0.00001249,-0.00001462,-0.00001072,5.998043116073634,-0.27612540246989753,-0.0000002137058704,-0.000000120282274,Del,76,Aqr,1,112776,,103.8484455008274,,,
75229,75458,137759,5744,,12Iot Dra,Edasich,15.415494,58.966065,31.027,-8.27,17.3,-11.0,3.29,0.831,K2III,1.166,-10.015969,-12.471787,26.585776,0.00000406,0.00000704,-0.0000083,4.0357669491767005,1.0291519898867025,-0.0000000400940914,0.000000083872766,Iot,12,Dra,1,75229,,40.513522022926395,,,
29582,29655,42995,2216,,7Eta Gem,Propus,6.247961,22.506799,117.9245,-62.53,-10.24,19.0,3.31,-2.048,M3III,1.6,-7.067151,108.713368,45.140745,0.00003436,0.00002247,0.00000203,1.6357124064025486,0.39281774360695004,-0.0000003031539945,-0.00000004964492,Eta,7,Gem,1,29582,,574.3809134963176,Eta,3.446,3.216
59592,59774,106591,4660,Gl 459,69Del UMa,Megrez,12.257086,57.032617,24.6853,103.56,7.81,-13.4,3.32,1.358,A3Vvar,0.077,-13.402309,-0.903455,20.710384,0.00000906,-0.00001181,-0.00001099,3.208897599139166,0.995406944309545,0.0000005020730476,0.000000037863948,Del,69,UMa,1,59592,,24.9344618809783,,,
54718,54879,97633,4359,,70The Leo,Chertan,11.237335,15.42957,50.6073,-59.01,-79.37,8.0,3.33,-0.191,A2V,-0.003,-47.814213,9.675761,13.464276,-0.00000994,0.00001678,-0.00001659,2.9419274527251624,0.2692968010295925,-0.0000002860885529,-0.000000384796618,The,70,Leo,1,54718,,103.8484455008274,,,
38062,38170,63700,3045,,7Xi  Pup,Azmidi,7.821571,-24.859786,367.6471,-5.56,-0.71,3.0,3.34,-4.487,G6Ia,1.218,-153.118527,296.362603,-154.558514,0.00000777,0.00000655,-0.00000244,2.0476824881381446,-0.43388511111904876,-0.0000000269556406,-0.000000003442177,Xi,7,Pup,1,38062,,5430.002130657378,,,
8867,8886,11415,542,,45Eps Cas,Segin,1.906584,63.670101,126.2626,31.98,-18.66,-8.0,3.35,-2.156,B2pvar,-0.15,49.169644,26.806887,113.163436,-0.00000357,0.00002035,-0.0000124,0.4991424996298816,1.11125290442047,0.000000155043415,-0.000000090466232,Eps,45,Cas,1,8867,,634.453795775715,,,
32276,32362,48737,2484,Gl 242,31Xi  Gem,Alzirr,6.754824,12.895591,17.9986,-115.16,-190.91,30.0,3.35,2.074,F5IV,0.443,-3.444569,17.203451,4.0169,0.00000325,0.00003494,-0.00000939,1.768408782774948,0.22507052336927624,-0.0000005583114345,-0.000000925557797,Xi,31,Gem,1,32276,,12.894366199598709,,,
41586,41704,71369,3323,,1Omi UMa,Muscida,8.504431,60.718169,54.9149,-134.31,-107.73,20.0,3.35,-0.348,G4II-III,0.856,-16.37548,21.290022,47.898272,0.00000699,0.00004956,0.00000381,2.2264548414090246,1.0597319679644424,-0.0000006511532544,-0.000000522289778,Omi,1,UMa,1,41586,,120.00518202042646,,,
42990,43109,74874,3482,,11Eps Hya,Ashlesha,8.779587,6.418809,39.6354,-231.04,-40.17,36.0,3.38,0.39,G0III-IV,0.685,-26.198413,29.410867,4.431082,0.00000824,0.00005749,-0.00000355,2.2984903710066336,0.11202935494051876,-0.0000011201135276,-0.000000194749655,Eps,11,Hya,1,42990,,60.81350012787179,Eps,3.39,3.37
66040,66249,118098,5107,GJ 3792,79Zet Vir,Heze,13.57822,-0.59582,22.7118,-278.89,48.56,-13.2,3.38,1.599,A3V,0.114,-20.799365,-9.118725,-0.236175,-0.00000002,0.00003352,0.00000549,3.5547696811523553,-0.01039902302667375,-0.0000013520968737,0.000000235425523,Zet,79,Vir,1,66040,,19.971008660281843,,,
26142,26207,36861,1879,,39Lam Ori,Meissa,5.585633,9.934158,336.7003,-1.03,-1.86,34.0,3.39,-4.246,O...,-0.16,35.907504,329.702779,58.086365,0.00000544,0.00003439,0.00000301,1.462315173306167,0.17338377209657752,-0.0000000049935809,-0.000000009017534,Lam,39,Ori,1,26142,,4349.106072324538,,,
62890,63090,112300,4910,,43Del Vir,Minelauva,12.926725,3.39747,60.8273,-471.44,-52.81,-18.0,3.39,-0.53,M3III,1.571,-58.94191,-14.587593,3.604756,-0.00001646,0.00013914,-0.00001664,3.384208560950863,0.05929704173659,-0.0000022856056156,-0.000000256030104,Del,43,Vir,1,62890,,141.90575216890926,,,
20842,20894,28319,1412,,78The2Tau,Chamukuy,4.477705,15.870883,46.1042,108.66,-26.39,40.0,3.4,0.081,A7III,0.179,17.209733,40.871602,12.608233,-0.00000649,0.00004718,0.00000551,1.1722604464872712,0.2769991565046125,0.0000005267985453,-0.00000012794233,The-2,78,Tau,1,20842,,80.83510373900673,The-2,3.411,3.391
111676,112029,214923,8634,,42Zet Peg,Homam,22.691033,10.831364,62.6566,77.38,-10.98,7.0,3.41,-0.575,B8.5V,-0.086,57.962157,-20.678728,11.774377,0.00001511,0.00001956,-0.00000193,5.9404986235522275,0.1890429712152575,0.000000375148826,-0.000000053232542,Zet,42,Peg,1,111676,,147.91083881682073,,,
8777,8796,11443,544,Gl 78.1,2Alp Tri,Mothallah,1.884696,29.578829,19.4175,12.02,-233.69,-16.2,3.42,1.979,F6IV,0.488,14.872602,7.99818,9.584806,-0.00000366,-0.00000069,-0.00002731,0.49341234590278854,0.5162479585904625,0.0000000582746044,-0.00000113296109,Alp,2,Tri,1,8777,,14.073431383183483,Alp,3.429,3.409
50193,50335,89025,4031,,36Zet Leo,Adhafera,10.278171,23.417311,84.0336,19.84,-7.3,-16.0,3.43,-1.192,F0III,0.307,-69.409312,33.594777,33.397009,0.00000893,-0.0000133,-0.00000923,2.6908188936365494,0.4087091723252675,0.0000000961870342,-0.000000035391398,Zet,36,Leo,1,50193,,261.09586865859336,,,
50230,50372,89021,4033,,33Lam UMa,Tania Borealis,10.284952,42.914365,42.1585,-170.11,-42.64,18.0,3.45,0.326,A2IV,0.029,-27.815454,13.402145,28.706022,-0.0000024,0.00003975,0.00000615,2.69259416873017,0.7489969631601612,-0.000000824716552,-0.000000206724553,Lam,33,UMa,1,50230,,64.50598332848317,,,
3814,3821,4614,219,Gl 34A,24Eta Cas,Achird,0.81826,57.815187,5.9531,1087.11,-559.65,8.2,3.46,4.586,G0V SB,0.587,3.098462,0.674227,5.038376,0.00001105,0.00003451,-0.0000015,0.2142198755075235,1.0090653769770737,0.0000052704580027,-0.000002713259763,Eta,24,Cas,1,3814,Gl  34,1.2752637064597296,Eta,3.507,3.457
12673,12706,16970,804,Gl 106.1A,86Gam Cet,Kaffaljidhma,2.721678,3.235818,24.4081,-146.43,-145.27,-5.1,3.47,1.532,A3V,0.093,18.440324,15.931398,1.377729,0.00000812,-0.00001588,-0.00001746,0.7125335102641163,0.05647568647271125,-0.0000007099126724,-0.000000704288833,Gam,86,Cet,1,12673,Gl 106.1,21.242224773886967,,,
33769,33856,52877,2646,,22Sig CMa,Nganurganity,7.028652,-27.93483,343.6426,-6.01,4.64,22.0,3.49,-4.191,K4III,1.729,-80.775471,292.659236,-160.9853,0.0000034,0.00002532,-0.00000371,1.8400968600486058,-0.4875547651656525,-0.0000000291373022,0.000000022495354,Sig,22,CMa,1,33769,,4134.281080471351,Sig,3.546,3.446
55055,55219,98262,4377,,54Nu  UMa,Alula Borealis,11.307983,33.094306,122.399,-26.61,27.51,-9.0,3.49,-1.949,K3III SB,1.4,-100.864256,18.476143,66.832099,0.0000192,0.00001254,0.00000865,2.960423095171947,0.5776045970071263,-0.0000001290089204,0.000000133372243,Nu,54,UMa,1,55055,,524.3243172456372,,,
73327,73555,133208,5602,,42Bet Boo,Nekkar,15.032436,40.390566,69.0608,-40.2,-29.22,-20.0,3.49,-0.706,G8III,0.956,-36.876434,-37.508062,44.750903,-0.00000312,0.00001602,-0.00002071,3.935482540667879,0.7049483564526262,-0.0000001948950996,-0.000000141662557,Bet,42,Boo,1,73327,,166.87835113653907,,,
35453,35550,56986,2777,Gl 271A,55Del Gem,Wasat,7.335383,21.98232,18.5391,-18.72,-7.76,-15.3,3.5,2.16,F0IV...,0.374,-5.888392,16.151258,6.939513,0.00000646,-0.00001281,-0.0000065,1.9203987458751912,0.38366386981151623,-0.000000090757121,-0.000000037621541,Del,55,Gem,1,35453,Gl 271,11.912420080273744,,,
112389,112748,216131,8684,GJ 4298,48Mu  Peg,Sadalbari,22.833385,24.601579,32.5309,144.11,-43.44,15.3,3.51,0.949,M2III,0.933,28.209183,-8.893887,13.542862,0.00002312,0.00001654,0.00000029,5.977766089318706,0.42937855822320753,0.000000698664995,-0.000000210603062,Mu,48,Peg,1,112389,,36.3412616064223,,,
17336,17378,23249,1136,Gl 150,23Del Eri,Rana,3.720806,-9.763395,9.0408,-91.71,742.23,-5.1,3.52,3.739,K0IV,0.915,5.006502,7.370189,-1.533131,0.00000354,-0.00000195,0.00003294,0.9741048015520187,-0.17040338171491623,-0.0000004446226264,0.000003598432581,Del,23,Eri,1,17336,,2.782274657675122,Del,3.531,3.511
47373,47508,83808,3852,,14Omi Leo,Subra,9.685843,9.892308,39.9521,-143.67,-37.45,27.0,3.52,0.512,A5V+...,0.516,-32.353394,22.412883,6.863686,-0.00000754,0.00003907,-0.0000024,2.53574770934662,0.17265334432617377,-0.0000006965318149,-0.000000181562723,Omi,14,Leo,1,47373,,54.35005651294466,,,
92133,92420,174638,7106,,10Bet Lyr,Sheliak,18.834665,33.362667,294.9853,1.1,-4.46,-19.0,3.52,-3.829,A8:V comp SB,0.003,53.40884,-240.514817,162.223134,-0.00000122,0.00001276,-0.00001601,4.930903798663317,0.5822883858014625,0.0000000053329505,-0.00000002162269,Bet,10,Lyr,1,92133,,2962.1019360527675,Bet,4.259,3.329
109081,109427,210418,8450,GJ 9771,26The Peg,Biham,22.169996,6.197865,28.2965,281.96,31.23,-7.9,3.52,1.261,A2V,0.086,24.963846,-12.967714,3.054948,0.00001029,0.00003824,0.00000339,5.8040912730807195,0.10817314881398,0.0000013669806537,0.000000151407312,The,26,Peg,1,109081,,27.264654585290064,,,
20837,20889,28305,1409,,74Eps Tau,Ain,4.476943,19.180431,44.964,107.23,-36.77,39.0,3.53,0.266,K0III,1.014,16.488448,39.136798,14.772771,-0.00000589,0.00004622,0.00000553,1.1720610098249595,0.3347616811725875,0.0000005198657097,-0.00000017826599,Eps,74,Tau,1,20837,,68.17105263058534,,,
40411,40526,69267,3249,,17Bet Cnc,Tarf,8.275256,9.185545,93.0233,-46.8,-48.65,22.0,3.53,-1.313,K4III,1.481,-51.522087,76.015371,14.84954,0.00000304,0.00003313,-0.00001807,2.166456903687978,0.16031799820876877,-0.0000002268928025,-0.000000235861855,Bet,17,Cnc,1,40411,,291.87708481971424,,,
82294,82545,151985,6252,,Mu 2Sco,Pipirima,16.872263,-38.017536,145.3488,-12.92,-23.8,1.0,3.56,-2.252,B2IV,-0.21,-33.31875,-109.554458,-89.520712,-0.00000594,0.00001176,-0.00001384,4.4171480579181335,-0.6635311696244812,-0.0000000626379275,-0.000000115385655,Mu-2,,Sco,1,82294,,693.1065451499361,,,
44343,44471,77327,3594,,12Kap UMa,Alkaphrah,9.060427,47.156525,109.8901,-37.37,-55.39,4.0,3.57,-1.635,A1Vn,0.007,-53.667801,51.996165,80.572997,-0.00000368,0.00003129,-0.00001707,2.372014221719866,0.8230366182899013,-0.0000001811748724,-0.000000268538297,Kap,12,UMa,1,44343,,392.6449353995997,,,
99743,100064,192947,7754,,6Alp2Cap,Algedi,20.300904,-12.544852,32.4465,61.78,2.85,0.7,3.58,1.024,G6/G8III,0.883,17.945333,-26.097385,-7.047505,0.00000846,0.00000485,0.00000028,5.314764237781554,-0.21894896809959627,0.0000002995178918,0.000000013817189,Alp-2,6,Cap,1,99743,,33.91563869058218,,,
7593,7607,9927,464,,51    And,Nembus,1.633205,48.628213,54.3183,60.9,-112.42,16.0,3.59,-0.085,K3III,1.275,32.669331,14.886999,40.762548,0.00002341,0.00002829,-0.00000729,0.42757205945090027,0.8487224280090337,0.0000002952515315,-0.000000545027539,,51,And,1,7593,,94.18895965228413,,,
57584,57757,102870,4540,Gl 449,5Bet Vir,Zavijava,11.844922,1.764718,10.929,740.96,-271.18,4.3,3.59,3.397,F8V,0.518,-10.914853,0.443379,0.336562,-0.00000643,-0.00003903,-0.00001423,3.1009932624101655,0.0308001382197925,0.0000035922754474,-0.000001314717738,Bet,5,Vir,1,57584,,3.8124135110429895,,,
60075,60260,107446,4700,,Eps Cru,Ginan,12.356031,-60.401147,70.4722,-171.06,91.82,-5.0,3.59,-0.65,K3/K4III,1.389,-34.656852,-3.239447,-61.275879,-0.00003008,0.00005588,0.00001994,3.234801339430033,-1.0541988798856914,-0.000000829322282,0.000000445155921,Eps,,Cru,1,60075,,158.48931924611142,,,
13176,13209,17573,838,,41    Ari,Bharani,2.833063,27.260507,50.7872,65.47,-116.59,4.0,3.61,0.081,B8Vn,-0.1,33.287607,30.498162,23.26243,0.00000149,0.00002322,-0.00002364,0.7416942123157708,0.4757856031126375,0.0000003174075167,-0.00000056524427,,41,Ari,1,13176,,80.83510373900673,,,
7083,7097,9270,437,,99Eta Psc,Alpherg,1.524725,15.345823,107.1811,25.73,-3.29,15.0,3.62,-1.531,G8III,0.974,95.233975,40.171366,28.364911,0.00000885,0.00001824,0.00000241,0.3991719864974001,0.26783513743426246,0.00000012474256,-0.00000001595037,Eta,99,Psc,1,7083,,356.77958828856265,,,
17805,17847,23850,1178,,27    Tau,Atlas,3.819373,24.053415,117.2333,17.77,-44.7,9.0,3.62,-1.725,B8III,-0.07,57.849417,90.077197,47.782936,0.00000164,0.00002124,-0.00001945,0.9999094198246715,0.41981129577249376,0.000000086151391,-0.000000216711715,,27,Tau,1,17805,,426.57951880159254,,,
101442,101769,196524,7882,,6Bet Del,Rotanev,20.625816,14.595087,30.931,118.28,-47.65,-23.0,3.64,1.188,F5IV,0.425,18.994041,-23.134214,7.794139,0.00000041,0.00002746,-0.00001284,5.399826077579187,0.25473232362996745,0.0000005734376214,-0.000000231013718,Bet,6,Del,1,101442,,29.16083798521233,,,
20155,20205,27371,1346,,54Gam Tau,Prima Hyadum,4.329889,15.627642,49.5295,115.29,-23.86,39.0,3.65,0.176,G8III,0.981,20.197375,43.211662,13.342572,-0.00000816,0.00004792,0.00000523,1.1335623407398079,0.27275381183024,0.0000005589416923,-0.000000115676544,Gam,54,Tau,1,20155,,74.06277836681546,,,
75466,75695,137909,5747,,3Bet CrB,Nusakan,15.463818,29.105703,34.2818,-181.39,86.84,-19.0,3.66,0.985,F0p,0.319,-18.45833,-23.589253,16.675351,-0.00000895,0.00003748,0.00000316,4.0484181742190675,0.50799034185675,-0.0000008794035352,0.0000004210122,Bet,3,CrB,1,75466,,35.15604405282981,Bet,3.683,3.653
68537,68756,123299,5291,,11Alp Dra,Thuban,14.073165,64.37585,92.9368,-56.52,17.19,-13.0,3.67,-1.171,A0III SB,-0.049,-34.416017,-20.758849,83.796391,-0.00000225,0.00002838,-0.00000864,3.6843459063539425,1.1235705482203713,-0.0000002740166922,0.000000083339471,Alp,11,Dra,1,68537,,256.09435171567696,,,
2914,2920,3360,153,,17Zet Cas,Fulu,0.616188,53.896909,181.8182,17.77,-9.15,2.0,3.69,-2.608,B2IV,-0.196,105.743565,17.207892,146.901502,0.00000511,0.0000167,-0.0000031,0.16131768182467154,0.9406785238460538,0.000000086151391,-0.000000044360451,Zet,17,Cas,1,2914,,962.0552191862149,,,
23398,23453,32068,1612,,8Zet Aur,Saclateni,5.041301,41.075837,240.9639,8.88,-21.43,13.0,3.69,-3.22,K4II comp,1.154,45.114162,175.957014,158.327189,-0.00000347,0.00002822,-0.00001013,1.3198096307002298,0.7169086049137537,0.0000000430514548,-0.000000103895571,Zet,8,Aur,1,23398,,1690.440931643265,Zet,3.716,3.676
57226,57399,102224,4518,,63Chi UMa,Taiyangshou,11.767515,47.779406,56.3063,-138.38,28.37,-9.0,3.69,-0.063,K0III,1.181,-37.766969,2.301619,41.698309,0.0000142,0.00003698,-0.00000161,3.0807281737547525,0.8339079474893587,-0.0000006708851712,0.000000137541641,Chi,63,UMa,1,57226,,92.29963848404535,,,
106642,106985,206088,8278,GJ 4209,40Gam Cap,Nashira,21.668181,-16.662308,48.1464,187.39,-22.33,-31.2,3.69,0.277,A7III:mp...,0.32,37.793496,-26.44095,-13.804954,-0.0000012,0.00005422,0.00000416,5.672716509308115,-0.2908121292653225,0.000000908492356,-0.000000108258894,Gam,40,Cap,1,106642,,67.4838730870757,Gam,3.694,3.684
97725,98036,188512,7602,Gl 771A,60Bet Aql,Alshain,19.921887,6.406763,13.6986,46.35,-481.32,-40.7,3.71,3.027,G8IVvar,0.855,6.563854,-11.925647,1.528534,-0.00001553,0.0000346,-0.00003641,5.215537811222483,0.11181911582943875,0.0000002247111409,-0.000002333505207,Bet,60,Aql,1,97725,Gl 771,5.360434578161428,,,
16496,16537,22049,1084,Gl 144,18Eps Eri,Ran,3.548848,-9.458262,3.2161,-976.44,17.97,16.9,3.72,6.183,K2V,0.881,1.89897,2.541426,-0.528523,0.00002243,0.00000458,-0.00000256,0.9290861752463538,-0.1650778156910925,-0.0000047339147024,0.000000087121018,Eps,18,Eri,1,16496,,0.2929543829769431,Eps,3.735,3.715
17457,17499,23302,1142,,17    Tau,Electra,3.747927,24.113339,124.0695,21.55,-44.92,12.0,3.72,-1.748,B6III,-0.105,62.965631,94.124106,50.687766,0.00000159,0.00002569,-0.00001965,0.9812049121767964,0.42085716243983123,0.0000001044773482,-0.000000217778305,,17,Tau,1,17457,,435.7124805030843,,,
87314,87585,163588,6688,,32Xi  Dra,Grumium,17.892134,56.872643,34.5066,93.65,78.44,-26.0,3.73,1.04,K2III,1.177,-0.532395,-18.850278,28.897629,0.00001638,0.00002507,-0.0000151,4.684149845745104,0.9926148695186963,0.0000004540280118,0.000000380287851,Xi,32,Dra,1,87314,,33.419504002611426,,,
8628,8645,11353,539,,55Zet Cet,Baten Kaitos,1.857676,-10.335038,72.0461,38.78,-38.04,9.0,3.74,-0.548,K2III,1.136,62.65906,33.12747,-12.925362,-0.00000043,0.00001509,-0.00001472,0.48633841109402154,-0.180380435702335,0.0000001880107453,-0.000000184423124,Zet,55,Cet,1,8628,,144.27796231294775,,,
13234,13268,17506,834,,15Eta Per,Miram,2.844945,55.895496,269.5418,16.64,-13.76,-1.0,3.77,-3.383,K3Ib comp SB,1.69,111.116108,102.442422,223.184985,-0.00000421,0.00002569,-0.00001093,0.7448048908887189,0.9755604422843326,0.0000000806729964,-0.000000066710362,Eta,15,Per,1,13234,,1964.264645879858,,,
20405,20455,27697,1373,,61Del1Tau,Secunda Hyadum,4.382247,17.542514,47.7099,107.75,-28.84,39.0,3.77,0.377,G8III,0.983,18.695965,41.472036,14.380508,-0.00000626,0.00004675,0.00000566,1.147269650883982,0.3061746305726813,0.0000005223867408,-0.000000139820265,Del-1,61,Tau,1,20405,,61.54602373713163,,,
101629,101958,196867,7906,,9Alp Del,Sualocin,20.660635,15.912072,77.821,54.14,7.91,-3.0,3.77,-0.685,B9V,-0.057,48.015095,-57.406003,21.335542,0.00001325,0.00001599,0.00000203,5.408941596683609,0.2777180455516675,0.0000002624781267,0.000000038348762,Alp,9,Del,1,101629,,163.68165214278085,,,
102287,102618,198001,7950,,2Eps Aqr,Albali,20.794598,-9.495776,63.6943,31.89,-35.32,-16.0,3.78,-0.241,A1V,0.0,41.969653,-46.744809,-10.507937,-0.00000466,0.00001993,-0.00000806,5.444012900811973,-0.16573255031667125,0.0000001546070827,-0.000000171236191,Eps,2,Aqr,1,102287,,108.74267195462436,,,
14632,14668,19476,941,,27Kap Per,Misam,3.158258,44.857544,34.5662,173.01,-142.05,29.0,3.79,1.097,K0III,0.98,16.593574,18.028979,24.381331,0.00000428,0.00004746,0.00000405,0.8268300972913014,0.7829118300689613,0.0000008387761487,-0.000000688677833,Kap,27,Per,1,14632,,31.71027438947892,,,
53075,53229,94264,4247,,46    LMi,Praecipua,10.888526,34.214871,29.0867,92.47,-286.06,16.0,3.79,1.472,K0III-IV,1.04,-23.041794,6.900625,16.355475,-0.00003843,-0.0000021,-0.00002415,2.8506094506880912,0.5971621529923775,0.0000004483072104,-0.000001386858014,,46,LMi,1,53075,,22.4491550756959,,,
14843,14879,20010,963,Gl 127A,Alp For,Dalim,3.201249,-28.987618,14.2369,371.49,612.26,-20.0,3.8,3.033,F8V,0.543,8.329775,9.25728,-6.899408,-0.00001733,0.00001907,0.00004687,0.8380850470504916,-0.5059293771979,0.0000018010343419,0.00000296832024,Alp,,For,1,14843,Gl 127,5.330893422367013,,,
21340,21393,29291,1464,,52Ups2Eri,Theemin,4.592512,-30.562341,65.5738,-48.92,-12.75,-4.0,3.81,-0.274,G8III,0.957,20.338212,52.67393,-33.342657,0.0000125,-0.00001081,-0.00000141,1.2023168237550403,-0.5334134848702601,-0.0000002371708525,-0.000000061813744,Ups-2,52,Eri,1,21340,,112.0985512875314,,,
9467,9487,12446,595,,113Alp Psc,Alrescha,2.034117,2.763759,46.1681,33.29,-0.42,9.0,3.82,0.498,A2,0.024,39.728779,23.413015,2.226137,0.00000414,0.00001109,0.00000035,0.5325304992016497,0.04823670218310125,0.0000001613944743,-0.000000002036217,Alp,113,Psc,1,9467,,55.055409848479435,Alp,3.832,3.812
56044,56211,100029,4434,,1Lam Dra,Giausar,11.523407,69.331076,102.145,-41.14,-18.79,7.0,3.82,-1.226,M0IIIvar,1.613,-35.773586,4.486959,95.570558,-0.00000861,0.00002161,0.00000341,3.0168208397919534,1.2100555469057126,-0.0000001994523482,-0.00000009109649,Lam,1,Dra,1,56044,,269.40149410636695,,,
80637,80883,148857,6149,,10Lam Oph,Marfik,16.515229,1.983923,53.0786,-31.37,-73.0,-14.0,3.82,0.195,A2V,0.022,-20.104527,-49.089266,1.837527,-0.00000229,0.0000157,-0.00001927,4.323676728247048,0.0346259902526225,-0.0000001520860516,-0.000000353913986,Lam,10,Oph,1,80637,,72.77798045368239,,,
17406,17448,23180,1131,,38Omi Per,Atik,3.738648,32.288248,343.6426,8.11,-10.32,19.0,3.84,-3.841,B1III,0.022,162.113525,241.065988,183.56674,0.00000308,0.00002879,-0.00000415,0.9787756370359081,0.5635362392132537,0.0000000393183895,-0.000000050032771,Omi,38,Per,1,17406,,2995.021883751126,Omi,3.862,3.822
89064,89341,166937,6812,,13Mu  Sgr,Polis,18.229392,-21.058834,100000.0,1.72,-1.39,-6.0,3.84,-16.16,B2III:,0.195,5600.996443,-93152.961403,-35932.639895,0.00081743,0.00029745,-0.00062662,4.77244354896446,-0.3675459839654625,0.0000000083387953,-0.00000000673891,Mu,13,Sgr,1,89064,,253512863.0497907,Mu,3.928,3.808
21541,21594,29503,1481,GJ 9160A,53    Eri,Sceptrum,4.63634,-14.30402,33.6814,-77.86,-178.06,41.8,3.86,1.223,K1III,1.082,11.405856,30.579706,-8.321655,0.00002388,0.00002764,-0.00003873,1.2137910800855978,-0.24965224051834126,-0.0000003774759317,-0.000000863259239,,53,Eri,1,21541,GJ 9160,28.235793691102995,,,
110049,110395,212061,8518,GJ 9779,48Gam Aqr,Sadachbia,22.360938,-1.387331,50.2008,129.24,8.9,-25.6,3.86,0.356,A0V,-0.057,45.635919,-20.880207,-1.215412,-0.00001067,0.00003947,0.0000028,5.8540797645155065,-0.02421350245135125,0.0000006265732008,0.000000043148417,Gam,48,Aqr,1,110049,,62.7480161997852,,,
17532,17573,23408,1149,,20    Tau,Maia,3.763779,24.367748,117.5088,21.09,-45.03,8.0,3.87,-1.48,B8III,-0.063,59.14718,89.215057,48.48319,-0.00000005,0.00002167,-0.00001999,0.9853551086630458,0.42529744177350004,0.0000001022472052,-0.0000002183116,,20,Tau,1,17532,,340.4081897010009,,,
77868,78104,142669,5928,,5Rho Sco,Iklil,15.948077,-29.214073,144.7178,-15.2,-25.1,3.3,3.87,-1.933,B2IV/V,-0.199,-64.636099,-108.519131,-70.633018,-0.00000627,0.00001031,-0.00001702,4.175196831197805,-0.5098817647720387,-0.0000000736916794,-0.000000121688233,Rho,5,Sco,1,77868,,516.6542425669502,,,
8813,8832,11502,546,,5Gam2Ari,Mesarthim,1.89217,19.293852,50.3018,79.43,-99.1,-1.0,3.88,0.372,A1p Si,-0.047,41.769649,22.568336,16.620371,-0.00000303,0.00002038,-0.00002315,0.4953689125156816,0.3367412380593763,0.0000003850875065,-0.000000480450357,Gam-2,5,Ari,1,8813,,61.83010727517132,Gam,3.892,3.872
48318,48455,85503,3905,,24Mu  Leo,Rasalas,9.879398,26.006951,38.0518,-216.29,-54.92,14.0,3.88,0.978,K0III,1.222,-29.062466,18.02588,16.685015,0.00000632,0.00004303,-0.00000283,2.5864202487192904,0.45390693122786124,-0.0000010486035097,-0.000000266259673,Mu,24,Leo,1,48318,,35.383435681472214,,,
13667,13701,18322,874,,3Eta Eri,Azha,2.940458,-8.898144,41.8585,77.73,-219.99,-20.0,3.89,0.781,K1III-IV,1.088,29.694338,28.782724,-6.474577,-0.00003045,-0.00000754,-0.00004094,0.7698101253996465,-0.15530191723913125,0.0000003768456739,-0.000001066541615,Eta,3,Eri,1,13667,,42.42286549229506,,,
59945,60129,107259,4689,,15Eta Vir,Zaniah,12.331766,-0.666803,81.367,-59.14,-23.13,2.0,3.89,-0.662,A2IV,0.026,-81.054806,-7.05786,-0.946921,-0.00000396,0.00002307,-0.00000915,3.2284487342104065,-0.011637912202285,-0.0000002867188107,-0.000000112137404,Eta,15,Vir,1,59945,,160.25072388814195,,,
47297,47431,83618,3845,,35Iot Hya,Ukdah,9.664267,-1.14281,80.7103,47.81,-62.92,23.0,3.9,-0.635,K3IIIvar,1.313,-66.071937,46.325951,-1.609728,-0.00002959,-0.0000021,-0.00002508,2.530099227157431,-0.01994579914171125,0.0000002317894207,-0.000000305044767,Iot,35,Hya,1,47297,,156.3147642640954,,,
76100,76333,138905,5787,GJ 3912,38Gam Lib,Zubenelhakrabi,15.592105,-14.789537,50.025,65.67,6.93,-28.2,3.91,0.414,K0III,1.007,-28.510476,-39.071229,-12.769777,0.00002905,0.00001279,0.00000899,4.08200351280001,-0.258126111021105,0.000000318377144,0.000000033597588,Gam,38,Lib,1,76100,,59.48397740692212,,,
104649,104987,202447,8131,,8Alp Equ,Kitalpha,21.263731,5.247845,58.3431,59.63,-94.33,-16.0,3.92,0.09,G0III+...,0.549,43.818116,-38.149671,5.336289,0.00000063,0.00002182,-0.00002806,5.56683174357598,0.09159216640849001,0.0000002890943977,-0.000000457324744,Alp,8,Equ,1,104649,,80.16780633876789,,,
5337,5348,6882,338,,Zet Phe,Wurren,1.139742,-55.24576,91.5751,21.17,29.7,15.0,3.94,-0.869,B6V + B0V,-0.12,49.896436,15.346501,-75.238648,0.00001595,0.00001474,-0.00000509,0.2983838460567415,-0.9642204110904488,0.0000001026350562,0.000000143989663,Zet,,Phe,1,5337,,193.9099078614849,Zet,4.199,3.929
42792,42911,74442,3461,,47Del Cnc,Asellus Australis,8.74475,18.154309,40.032,-17.1,-228.46,17.0,3.94,0.928,K0III,1.083,-25.041776,28.63397,12.473108,-0.00001747,0.00002502,-0.00003671,2.2893702005975305,0.31685245945332746,-0.0000000829031394,-0.000001107605334,Del,47,Cnc,1,42792,,37.05100563019239,,,
94946,95241,181454,7337,,Bet1Sgr,Arkab Prior,19.377303,-44.458965,96.1538,7.31,-22.43,-11.0,3.96,-0.955,B9V,-0.085,24.213622,-64.216561,-67.345884,-0.00000223,0.00001557,0.00000042,5.07296605509895,-0.775955313507445,0.00000003543988,-0.000000108743708,Bet-1,,Sgr,1,94946,,209.89398836235245,,,
95052,95347,181869,7348,,Alp Sgr,Rukbat,19.398103,-40.61594,55.7414,32.67,-120.81,-1.0,3.96,0.229,B8V,-0.105,15.143928,-39.50987,-36.286833,0.00000036,0.00002373,-0.00002411,5.078411455900508,-0.7088818789048114,0.0000001583886294,-0.000000585703407,Alp,,Sgr,1,95052,,70.53424142580965,,,
20483,20535,28028,1393,,43    Eri,Beemim,4.400613,-34.016846,90.8265,73.77,57.57,24.0,3.97,-0.821,K4III,1.468,30.609599,68.780131,-50.811792,-0.00001564,0.00004475,0.00000728,1.1520779014117062,-0.5937059698116938,0.0000003576470521,0.000000279107235,,43,Eri,1,20483,,185.5239575549284,,,
18567,18614,24912,1228,,46Xi  Per,Menkib,3.98275,35.791033,381.6794,1.92,2.3,70.0,3.98,-3.928,O7.5Iab:,0.016,156.01015,267.421217,223.218208,0.00002494,0.0000498,0.00004532,1.0426815704486982,0.6246713605687475,0.0000000093084227,0.000000011150714,Xi,46,Per,1,18567,,3244.890156605363,Xi,3.99,3.97
65272,65477,116842,5062,GJ 3785,80    UMa,Alcor,13.420413,54.987958,25.0564,120.35,-16.94,-8.9,3.99,1.995,A5V SB,0.169,-13.393436,-5.223608,20.521915,0.00000861,-0.00001233,-0.00000864,3.5134558303910652,0.9597209083849262,0.0000005834732645,-0.000000082127437,,80,UMa,1,65272,,13.867558288718882,,,
